evidence_id,source_layer,work_title,edition,volume_or_chapter,locator,person_refs,event_ref,primary_actor,subject_of_claim,coding_label,excerpt_zh,excerpt_type,translation_status,checksum_sha256_12,extraction_reviewer,review_status,confidence,ambiguity_note
HB-J01-P1,HISTORY_BASE,三國志,zh.wikisource.org crawl (edition_ref: TBD by D1),卷01 武帝紀(曹操),paragraph containing first 赤壁 mention,PERSON-CAOCAO,BATTLE-CHIBI-001,曹操,,military_setback_attribution,"公至赤壁，與備戰，不利。於是大疫，吏士多死者，乃引軍還。",short_permitted_excerpt,original_zh_only_no_translation_provided,cd8e6ddcd5f4,R1 (single coder),extracted_not_double_coded,high,"Attributes retreat to disease, not to enemy tactics — contrast with Wu-shu framing below (HB-J54-P1)."
HB-J32-P1,HISTORY_BASE,三國志,zh.wikisource.org crawl (edition_ref: TBD by D1),卷32 先主傳(劉備),paragraph containing 赤壁 mention,PERSON-LIUBEI,BATTLE-CHIBI-001,劉備,,joint_military_command,"與曹公戰於赤壁，大破之，焚其舟船。先主與吳軍水陸並進，追到南郡。",short_permitted_excerpt,original_zh_only_no_translation_provided,f7f04080c1b7,R1 (single coder),extracted_not_double_coded,high,"Frames Liu Bei as active co-victor with Wu forces, differing from HB-J01-P1's illness-only framing."
HB-J35-P1,HISTORY_BASE,三國志,zh.wikisource.org crawl (edition_ref: TBD by D1),卷35 諸葛亮傳,paragraph containing 赤壁 mention,PERSON-ZHUGELIANG,BATTLE-CHIBI-001,諸葛亮,,minimal_narrative_role,"曹公敗於赤壁，引軍歸鄴。先主遂收江南，以亮為軍師中郎將。",short_permitted_excerpt,original_zh_only_no_translation_provided,c369a43a56f5,R1 (single coder),extracted_not_double_coded,high,"Zhuge Liang's own HISTORY_BASE biography assigns him no direct battle action at Red Cliffs; this absence is itself the finding, not a data gap to fill in."
HB-J47-P1,HISTORY_BASE,三國志,zh.wikisource.org crawl (edition_ref: TBD by D1),卷47 吳主傳(孫權),paragraph containing 赤壁 mention,PERSON-SUNQUAN;PERSON-ZHOUYU,BATTLE-CHIBI-001,孫權,,decisive_leadership_under_dissent,"惟瑜、肅執拒之儀，意與權同。瑜、普爲左右督，各領萬人，與備俱進，遇於赤壁，大破曹公軍。",short_permitted_excerpt,original_zh_only_no_translation_provided,f0137051c401,R1 (single coder),extracted_not_double_coded,medium,"Preceding sentence (not quoted here) states most court advisers urged surrender; Sun Quan aligned with the minority resistance position. Full context should be re-checked by a second coder."
HB-J54-P1,HISTORY_BASE,三國志,zh.wikisource.org crawl (edition_ref: TBD by D1),卷54 周瑜魯肅呂蒙傳,paragraph on fire-attack origin,PERSON-ZHOUYU;PERSON-HUANGGAI,BATTLE-CHIBI-001,黃蓋,周瑜,subordinate_initiated_strategy,"瑜部將黃蓋曰：今寇眾我寡，難與持久。然觀操軍船艦，首尾相接，可燒而走也。",short_permitted_excerpt,original_zh_only_no_translation_provided,75f5abb65d0b,R1 (single coder),extracted_not_double_coded,high,"Huang Gai (not one of the 5-person cast) is the stated originator; Zhou Yu authorizes/executes. Attribution should not be simplified to 'Zhou Yu invented the fire attack.'"
HB-J54-P2,HISTORY_BASE,三國志,zh.wikisource.org crawl (edition_ref: TBD by D1),卷54 周瑜魯肅呂蒙傳,paragraph quoting Cao Cao's letter to Sun Quan,PERSON-CAOCAO;PERSON-ZHOUYU,BATTLE-CHIBI-001,曹操,周瑜,rival_credit_denial,"赤壁之役，值有疾病，孤燒船自退，橫使周瑜虛獲此名。",short_permitted_excerpt,original_zh_only_no_translation_provided,f7ba1411d2b4,R1 (single coder),extracted_not_double_coded,high,"Quoted within Zhou Yu's own HISTORY_BASE biography (not an annotation block) — Chen Shou includes the rival's disputing claim directly in the main text."
HA-J01-P1,HISTORY_ANNOTATION,三國志裴松之注,zh.wikisource.org crawl (edition_ref: TBD by D1; cited work: 山陽公載記),卷01 武帝紀 annotation block,paragraph inside 〈〉 bracket after 赤壁 mention,PERSON-CAOCAO;PERSON-LIUBEI,BATTLE-CHIBI-001,曹操,劉備,strategic_self_awareness,"劉備，吾儔也。但得計少晚；向使早放火，吾徒無類矣。",short_permitted_excerpt,original_zh_only_no_translation_provided,8d44073b080d,R1 (single coder),extracted_not_double_coded,medium,"Layer classification (HISTORY_ANNOTATION) based on R1's bracket heuristic in coding_manual.md, not yet confirmed by D1's extraction pipeline."
HA-J01-P2,HISTORY_ANNOTATION,三國志裴松之注,zh.wikisource.org crawl (edition_ref: TBD by D1; cited commentator: 孫盛),卷01 武帝紀 annotation block,paragraph inside 〈〉 bracket after 赤壁 mention,PERSON-CAOCAO;PERSON-LIUBEI;PERSON-SUNQUAN,BATTLE-CHIBI-001,孫盛(commentator),,source_conflict_note,"孫盛異同評曰：案吳志，劉備先破公軍，然後權攻合肥，而此記云權先攻合肥，後有赤壁之事。二者不同，吳志爲是。",short_permitted_excerpt,original_zh_only_no_translation_provided,7781d01ffe14,R1 (single coder),extracted_not_double_coded,high,"Explicit historiographical event-order conflict flagged by the annotator himself; no single actor score applies to this row."
HA-J32-P1,HISTORY_ANNOTATION,三國志裴松之注,zh.wikisource.org crawl (edition_ref: TBD by D1; commentator: 孫盛),卷32 先主傳 annotation block,paragraph inside 〈〉 bracket after 赤壁 mention,PERSON-LIUBEI,BATTLE-CHIBI-001,孫盛(commentator),江表傳(source),source_bias_flag,"孫盛曰：江表傳之言，當是吳人欲專美之辭。",short_permitted_excerpt,original_zh_only_no_translation_provided,64f02efbb502,R1 (single coder),extracted_not_double_coded,high,"Annotator explicitly flags a cited source as partisan; this is evidence about source reliability, not about Liu Bei's actions."
HA-J54-P1,HISTORY_ANNOTATION,三國志裴松之注,zh.wikisource.org crawl (edition_ref: TBD by D1; cited work: 江表傳),卷54 annotation block,paragraph inside 〈〉 bracket in Zhou Yu biography,PERSON-HUANGGAI;PERSON-ZHOUYU,BATTLE-CHIBI-001,黃蓋,,deceptive_communication,"蓋受孫氏厚恩，常為將帥，見遇不薄...今日歸命，是其實計。",short_permitted_excerpt,original_zh_only_paraphrase_ellipsis_marked,28bdf1927e52,R1 (single coder),extracted_not_double_coded,medium,"Excerpt shortened with ellipsis per source-policy short-excerpt rule; full letter is longer. Compare directly to RM-C049-P6 (same underlying tactic, dramatized in Romance)."
HA-J54-P2,HISTORY_ANNOTATION,三國志裴松之注,zh.wikisource.org crawl (edition_ref: TBD by D1),卷54 annotation block,paragraph inside 〈〉 bracket in Zhou Yu biography,PERSON-SUNQUAN;PERSON-ZHOUYU,BATTLE-CHIBI-001,孫權,周瑜,peer_praise,"公瑾文武籌略，萬人之英，顧其器量廣大，恐不久為人臣耳。",short_permitted_excerpt,original_zh_only_no_translation_provided,b55e9d0f7245,R1 (single coder),extracted_not_double_coded,medium,"Occurs in a farewell-banquet anecdote inside the same long annotation block as HA-J54-P1/P3; block boundaries not independently re-verified against a critical edition."
HA-J54-P3,HISTORY_ANNOTATION,三國志裴松之注,zh.wikisource.org crawl (edition_ref: TBD by D1),卷54 annotation block,paragraph inside 〈〉 bracket in Zhou Yu biography,PERSON-SUNQUAN;PERSON-ZHOUYU,BATTLE-CHIBI-001,孫權,周瑜,leadership_attribution_acknowledgment,"孤非周公瑾，不帝矣。",short_permitted_excerpt,original_zh_only_no_translation_provided,89702eb3ce31,R1 (single coder),extracted_not_double_coded,high,"Direct, unambiguous credit statement; said after Zhou Yu's death per the same annotation block."
RM-C049-P1,ROMANCE,三國演義,zh.wikisource.org crawl (edition_ref: TBD by D1),第四十九回,paragraph on Zhou Yu's collapse and diagnosis scene,PERSON-ZHOUYU;PERSON-ZHUGELIANG;PERSON-LUSU,BATTLE-CHIBI-001,周瑜,,psychosomatic_strategic_anxiety,"瑜聞失色，乃作呻吟之聲...都督心中似覺煩積否？",short_permitted_excerpt,project_paraphrase_ellipsis_marked,6441f32cf2ac,R1 (single coder),extracted_not_double_coded,high,"Illness is coded as a ROMANCE narrative device (anxiety over the unresolved fire-attack plan), never as a real clinical diagnosis, per coding_manual.md."
RM-C049-P2,ROMANCE,三國演義,zh.wikisource.org crawl (edition_ref: TBD by D1),第四十九回,paragraph with Zhuge Liang's 16-character note to Zhou Yu,PERSON-ZHUGELIANG;PERSON-ZHOUYU,BATTLE-CHIBI-001,諸葛亮,,supernatural_attribution,"欲破曹公，宜用火攻；萬事俱備，只欠東風。",short_permitted_excerpt,original_zh_only_no_translation_provided,1f52dd7e0000,R1 (single coder),extracted_not_double_coded,high,"Immediately followed in-text by Zhuge Liang's claim to ritually summon wind — ROMANCE-exclusive fictional device; must never be presented as a HISTORY_BASE claim."
RM-C049-P3,ROMANCE,三國演義,zh.wikisource.org crawl (edition_ref: TBD by D1),第四十九回,paragraph on Zhou Yu ordering Zhuge Liang's assassination,PERSON-ZHOUYU;PERSON-ZHUGELIANG,BATTLE-CHIBI-001,周瑜,諸葛亮,rival_elimination_attempt,"此人有奪天地造化之法，鬼神不測之術！若留此人，乃東吳禍根也。及早殺卻，免生他日之憂。",short_permitted_excerpt,original_zh_only_no_translation_provided,233b15e19da3,R1 (single coder),extracted_not_double_coded,high,"Sharp characterization divergence from HB-J47-P1's collegial Zhou Yu; do not average these into one 'trustworthiness' score without noting the source-layer split."
RM-C049-P4,ROMANCE,三國演義,zh.wikisource.org crawl (edition_ref: TBD by D1),第四十九回,paragraph on Zhuge Liang's escape,PERSON-ZHUGELIANG;PERSON-ZHAOYUN,BATTLE-CHIBI-001,諸葛亮,,foresight_escape_planning,"吾已料定都督不能容我，必來加害，預先教趙子龍來相接。",short_permitted_excerpt,original_zh_only_no_translation_provided,54537b4d43ab,R1 (single coder),extracted_not_double_coded,high,"Zhao Yun (趙雲) is a supporting figure, not in the 5-person cast."
RM-C049-P5,ROMANCE,三國演義,zh.wikisource.org crawl (edition_ref: TBD by D1),第四十九回,paragraph on Zhuge Liang assigning Guan Yu to Huarong Road,PERSON-ZHUGELIANG;PERSON-GUANYU;PERSON-CAOCAO,BATTLE-CHIBI-001,諸葛亮,關羽,strategic_manipulation_of_subordinate,"昔日曹操待足下甚厚，足下當有以報之。今日操兵敗，必走華容道。若令足下去時，必然放他過去。",short_permitted_excerpt,original_zh_only_no_translation_provided,bac0716bf91b,R1 (single coder),extracted_not_double_coded,medium,"Guan Yu (關羽) is a supporting figure recorded because the passage directly involves Cao Cao (cast member) as the predicted outcome subject."
RM-C049-P6,ROMANCE,三國演義,zh.wikisource.org crawl (edition_ref: TBD by D1),第四十九回,paragraph on Zhou Yu's mock execution of Cai He before dispatching Huang Gai,PERSON-ZHOUYU;PERSON-HUANGGAI,BATTLE-CHIBI-001,周瑜,,deceptive_communication,"汝是何等人，敢來詐降！吾今缺少福物祭旗，願借你首級。",short_permitted_excerpt,original_zh_only_no_translation_provided,049eed1714e5,R1 (single coder),extracted_not_double_coded,high,"Dramatized companion scene to HA-J54-P1's Huang Gai letter; useful direct HISTORY_ANNOTATION-vs-ROMANCE comparison pair for the same underlying deception tactic."
RM-C050-P1,ROMANCE,三國演義,zh.wikisource.org crawl (edition_ref: TBD by D1),第五十回,paragraph on Cao Cao pleading with Guan Yu at Huarong Road,PERSON-CAOCAO;PERSON-GUANYU,BATTLE-CHIBI-001,曹操,,appeal_to_past_favor,"曹操兵敗勢危，到此無路，望將軍以昔日之情為重。",short_permitted_excerpt,original_zh_only_no_translation_provided,7b6337fe4ad6,R1 (single coder),extracted_not_double_coded,high,"Guan Yu is a supporting figure recorded because Cao Cao (cast member) is the primary actor."
RM-C050-P2,ROMANCE,三國演義,zh.wikisource.org crawl (edition_ref: TBD by D1),第五十回,paragraph on Guan Yu releasing Cao Cao,PERSON-GUANYU;PERSON-CAOCAO,BATTLE-CHIBI-001,關羽,曹操,loyalty_override_duty,"雲長是個義重如山之人...於是把馬頭勒回，謂眾軍曰：四散擺開。",short_permitted_excerpt,project_paraphrase_ellipsis_marked,de2aaa155427,R1 (single coder),extracted_not_double_coded,high,"Recorded with subject_of_claim=曹操 (the party released) even though the primary actor (關羽) is outside the 5-person cast, since the outcome directly determines Cao Cao's survival."
RM-C050-P3,ROMANCE,三國演義,zh.wikisource.org crawl (edition_ref: TBD by D1),第五十回,paragraph on Cao Cao mourning Guo Jia,PERSON-CAOCAO;PERSON-GUOJIA,BATTLE-CHIBI-001,曹操,,leadership_self_reflection_regret,"吾哭郭奉孝耳！若奉孝在，決不使吾有此大失也！",short_permitted_excerpt,original_zh_only_no_translation_provided,7ef957969704,R1 (single coder),extracted_not_double_coded,high,"Sharp contrast with HB-J54-P2 (same person, Cao Cao, denying Zhou Yu credit / blaming disease in HISTORY_BASE) versus this ROMANCE passage's explicit self-blame — a strong candidate divergence pair for analysis_criteria.md."
RM-C050-P4,ROMANCE,三國演義,zh.wikisource.org crawl (edition_ref: TBD by D1),第五十回,paragraph on Zhuge Liang's astrological justification,PERSON-ZHUGELIANG;PERSON-GUANYU;PERSON-CAOCAO,BATTLE-CHIBI-001,諸葛亮,,fatalistic_strategic_foresight,"亮夜觀乾象，操賊未合身亡。留這人情，教雲長做了，亦是美事。",short_permitted_excerpt,original_zh_only_no_translation_provided,0973e5978bf0,R1 (single coder),extracted_not_double_coded,high,"Second ROMANCE-exclusive supernatural-attribution instance for Zhuge Liang in this slice (see also RM-C049-P2); reinforces the HB-J35-P1 vs ROMANCE divergence on Zhuge Liang's Red Cliffs role."
HA-J54-P4,HISTORY_ANNOTATION,三國志裴松之注,zh.wikisource.org crawl (edition_ref: TBD by D1),卷54 annotation block,"paragraph inside bracket, on the resistance-decision credit dispute",PERSON-LUSU;PERSON-ZHOUYU;PERSON-SUNQUAN,BATTLE-CHIBI-001,裴松之(commentator),魯肅,source_conflict_note,臣松之以為建計拒曹公，實始魯肅……本傳直云，權延見群下，問以計策，瑜擺撥眾人之議，獨言抗拒之計，了不云肅先有謀。,original_zh_only_paraphrase_ellipsis_marked,original_zh_only_paraphrase_ellipsis_marked,968b616ae46a,Expansion pass (single coder),extracted_not_double_coded,high,"Direct HISTORY_ANNOTATION challenge to the main HISTORY_BASE biography credit attribution (compare HB-J47-P1, which credits Zhou Yu and Lu Su jointly without ordering). Strong divergence/credit-conflict candidate. D-017: single-coder pass, not human-validated."
HA-J54-P5,HISTORY_ANNOTATION,三國志裴松之注,zh.wikisource.org crawl (edition_ref: TBD by D1),卷54 annotation block,"paragraph inside bracket, disputing an account of Lu Su role at the resistance decision",PERSON-LUSU;PERSON-SUNQUAN,BATTLE-CHIBI-001,孫盛(commentator),魯肅,source_conflict_note,孫盛曰：吳書及江表傳，魯肅一見孫權便說拒曹公而論帝王之略……又是時勸迎者眾，而云獨欲斬肅，非其論也。,original_zh_only_paraphrase_ellipsis_marked,original_zh_only_paraphrase_ellipsis_marked,7c53aa733293,Expansion pass (single coder),extracted_not_double_coded,high,"Second independent source-conflict case regarding Lu Su's exact role at the resistance decision point, reinforcing that his contribution is historiographically contested. D-017: single-coder pass, not human-validated."
HA-J32-P2,HISTORY_ANNOTATION,三國志裴松之注,zh.wikisource.org crawl (edition_ref: TBD by D1; cited work: 江表傳),卷32 先主傳 annotation block,"paragraph inside bracket, on Lu Su mission to persuade Liu Bei to ally with Sun Quan",PERSON-LUSU;PERSON-LIUBEI,BATTLE-CHIBI-001,魯肅,劉備,alliance_persuasion,肅曰：孫討虜聰明仁惠，敬賢禮士，江表英豪，咸歸附之……豈足託乎？備大喜，進住鄂縣，即遣諸葛亮隨肅詣孫權，結同盟誓。,original_zh_only_paraphrase_ellipsis_marked,original_zh_only_paraphrase_ellipsis_marked,b706f11424b2,Expansion pass (single coder),extracted_not_double_coded,high,"HISTORY_ANNOTATION (Jiangbiao Zhuan) frames Lu Su's persuasion as the trigger for the alliance; ROMANCE's account instead centers Zhuge Liang's own diplomatic mission (see RM-C049 rows) - a source-layer emphasis difference, not a direct contradiction. D-017: single-coder pass, not human-validated."
HA-J35-P2,HISTORY_ANNOTATION,三國志裴松之注,zh.wikisource.org crawl (edition_ref: TBD by D1; cited: 袁子),卷35 諸葛亮傳 annotation block,"paragraph inside bracket, on Guan Yu loyalty compared to Zhuge Liang",PERSON-GUANYU;PERSON-CAOCAO;PERSON-ZHUGELIANG,BATTLE-CHIBI-001,裴松之(commentator),關羽,peer_praise,臣松之以為……關羽為曹公所獲，遇之甚厚，可謂能盡其用矣，猶義不背本，曾謂孔明之不若雲長乎！,original_zh_only_paraphrase_ellipsis_marked,original_zh_only_paraphrase_ellipsis_marked,f04058af1145,Expansion pass (single coder),extracted_not_double_coded,high,"Commentator explicitly ranks Guan Yu loyalty alongside/above Zhuge Liang - a rare direct HISTORY_ANNOTATION cross-person comparison; a rhetorical point by one commentator, not an objective ranking. D-017: single-coder pass, not human-validated."
HA-J54-P6,HISTORY_ANNOTATION,三國志裴松之注,zh.wikisource.org crawl (edition_ref: TBD by D1; cited work: 江表傳),卷54 annotation block,"paragraph inside bracket, Zhou Yu deathbed letter recommending a successor",PERSON-ZHOUYU;PERSON-LUSU,BATTLE-CHIBI-001,周瑜,魯肅,peer_praise,《江表傳》載：初瑜疾困，與權箋曰……魯肅忠烈，臨事不苟，可以代瑜。人之將死，其言也善，儻或可採，瑜死不朽矣。,original_zh_only_paraphrase_ellipsis_marked,original_zh_only_paraphrase_ellipsis_marked,61b29cf556d0,Expansion pass (single coder),extracted_not_double_coded,high,"Companion piece to HA-J54-P3 - together these show a mutual-endorsement pattern within the Sun Quan leadership circle. D-017: single-coder pass, not human-validated."
RM-C049-P7,ROMANCE,三國演義,zh.wikisource.org crawl (edition_ref: TBD by D1),第四十九回,paragraph on Zhao Yun intercepting pursuers during Zhuge Liang extraction,PERSON-ZHAOYUN;PERSON-ZHUGELIANG,BATTLE-CHIBI-001,趙雲,,combat_skill_display,趙雲拈弓搭箭，立於船尾大叫曰：吾乃常山趙子龍也！……箭到處，射斷徐盛船上篷索。,original_zh_only_paraphrase_ellipsis_marked,original_zh_only_paraphrase_ellipsis_marked,c42b46fed63a,Expansion pass (single coder),extracted_not_double_coded,high,"ROMANCE dramatizes Zhao Yun archery skill during Zhuge Liang extraction; no HISTORY_BASE/HISTORY_ANNOTATION account of this specific episode exists in this corpus - a coverage gap, not a contradiction. D-017: single-coder pass, not human-validated."
RM-C049-P8,ROMANCE,三國演義,zh.wikisource.org crawl (edition_ref: TBD by D1),第四十九回,paragraph on Huang Gai fire-attack charge and wounding,PERSON-HUANGGAI,BATTLE-CHIBI-001,黃蓋,,combat_skill_display,黃蓋在火光中，高聲大叫：曹賊休走！黃蓋在此！……正中肩窩，翻身落水。,original_zh_only_paraphrase_ellipsis_marked,original_zh_only_paraphrase_ellipsis_marked,e8d7db250590,Expansion pass (single coder),extracted_not_double_coded,high,"ROMANCE gives Huang Gai a dramatic near-death climax (shot by Zhang Liao, falls into the river) entirely absent from HISTORY_BASE/HISTORY_ANNOTATION, which record only his fire-attack proposal (see HB-J54-P1), not his personal combat role or wounding - a romance-elaboration gap. D-017: single-coder pass, not human-validated."
RM-C052-P1,ROMANCE,三國演義,zh.wikisource.org crawl (edition_ref: TBD by D1),第五十二回,paragraph on Zhao Yun single combat with Chen Ying during the Guiyang campaign,PERSON-ZHAOYUN,BATTLE-CHIBI-001,趙雲,,combat_skill_display,趙雲挺槍出馬……兩馬相交，戰到四五合，陳應料敵不過……雲將陳應活捉過馬。,original_zh_only_paraphrase_ellipsis_marked,original_zh_only_paraphrase_ellipsis_marked,402c89bbb5d6,Expansion pass (single coder),extracted_not_double_coded,medium,"Post-battle Jingzhou-consolidation campaign (hui 52) - still within D1 approved hui 49-57 ingestion window but further removed from the battle itself than most other rows; included as part of the immediate Chibi-aftermath territorial arc, not the battle proper. D-017: single-coder pass, not human-validated."
HA-J55-P1,HISTORY_ANNOTATION,三國志裴松之注,zh.wikisource.org crawl (edition_ref: TBD by D1; cited work: 吳書),卷55 程黃韓蔣周陳董甘淩徐潘丁傳,"paragraph inside bracket in 黃蓋傳, on his Red Cliffs wound",PERSON-HUANGGAI,BATTLE-CHIBI-001,黃蓋,,military_setback_attribution,赤壁之役，蓋爲流矢所中，時寒墮水，爲吳軍人所得，不知其蓋也……蓋自彊以一聲呼韓當，當聞之，曰：「此公覆聲也。」向之垂涕，解易其衣，遂以得生。,project_paraphrase_ellipsis_marked,original_zh_only_paraphrase_ellipsis_marked,84809fd36a28,Expansion pass 2 (single coder),extracted_not_double_coded,high,"Huang Gai's own biography's annotation records him wounded by a stray arrow and nearly dying of cold/drowning after the fire attack, unrecognized until he calls out by voice to a fellow officer (韓當). Real HISTORY_ANNOTATION counterpart to RM-C049-P8's dramatized wounding scene -- candidate new divergence case, not yet added to compute_chibi_result.py's divergence_cases (flagged for orchestrator/next pass). D-017: single-coder, not human-validated."
HB-J55-P1,HISTORY_BASE,三國志,zh.wikisource.org crawl (edition_ref: TBD by D1),卷55 程黃韓蔣周陳董甘淩徐潘丁傳(甘寧傳),paragraph on Lu Su's defense line against Guan Yu at Yiyang,PERSON-LUSU;PERSON-GUANYU,BATTLE-CHIBI-001,魯肅,關羽,decisive_leadership_under_dissent,後隨魯肅鎮益陽，拒關羽。羽號有三萬人，自擇選銳士五千人，投縣上流十餘里淺瀨，云欲夜涉渡……羽聞之，住不渡，而結柴營，今遂名此處爲關羽瀨。,project_paraphrase_ellipsis_marked,original_zh_only_paraphrase_ellipsis_marked,17a2e45c705b,Expansion pass 2 (single coder),extracted_not_double_coded,medium,"Real historical account (from 甘寧's biography, not 魯肅's own) of the post-Chibi Jingzhou standoff between Lu Su and Guan Yu at Yiyang -- Guan Yu's forces are deterred from crossing, a place-name origin story results. Post-Chibi aftermath, not the battle itself. primary_actor attribution is approximate (甘寧 is the biography's real subject; coded here under 魯肅 as the commanding officer of the described defense). D-017: single-coder, not human-validated."
RM-C051-P1,ROMANCE,三國演義,zh.wikisource.org crawl (edition_ref: TBD by D1),第五十一回,paragraph on Zhou Yu suspecting Liu Bei's designs on Nanjun,PERSON-ZHOUYU;PERSON-LIUBEI;PERSON-LUSU,BATTLE-CHIBI-001,周瑜,劉備,rival_elimination_attempt,劉備屯兵油江，必有取南郡之意。我等費了許多軍馬，用了許多錢糧，目下南郡唾手可得；彼等心懷不仁，要就現成，須放著周瑜不死！,original_zh_only_no_translation_provided,original_zh_only_no_translation_provided,f3d82449380e,Expansion pass 2 (single coder),extracted_not_double_coded,high,"Opens the Nanjun/Jingzhou contest arc immediately following Chibi -- Zhou Yu reacts to Liu Bei's camp as a rival for the spoils, not just an ally. D-017: single-coder, not human-validated."
RM-C051-P2,ROMANCE,三國演義,zh.wikisource.org crawl (edition_ref: TBD by D1),第五十一回,paragraph on Zhuge Liang's plan to let Zhou Yu fight first,PERSON-ZHUGELIANG;PERSON-LIUBEI;PERSON-ZHOUYU,BATTLE-CHIBI-001,諸葛亮,周瑜,strategic_manipulation_of_subordinate,不須主公憂慮。儘著周瑜去廝殺，早晚教主公在南郡城中高坐。,original_zh_only_no_translation_provided,original_zh_only_no_translation_provided,c6a486ca67c0,Expansion pass 2 (single coder),extracted_not_double_coded,high,"Zhuge Liang plans to let Zhou Yu absorb the cost of fighting Cao Ren for Nanjun, then take the city out from under him -- 周瑜 is a rival here, not a subordinate, so this stretches the label's literal 'subordinate' framing; kept for lack of a closer existing label, flagged for future label review. D-017: single-coder, not human-validated."
RM-C051-P3,ROMANCE,三國演義,zh.wikisource.org crawl (edition_ref: TBD by D1),第五十一回,paragraph on Zhou Yu wounded by a crossbow bolt attacking Nanjun,PERSON-ZHOUYU,BATTLE-CHIBI-001,周瑜,,combat_skill_display,瑜急勒馬回時，被一弩箭，正射中左肋，翻身落馬。牛金從城中殺出，來捉周瑜。徐盛、丁奉二人捨命救去。,original_zh_only_no_translation_provided,original_zh_only_no_translation_provided,66c56ff0bc71,Expansion pass 2 (single coder),extracted_not_double_coded,high,"Zhou Yu personally leads the charge into Nanjun and is shot; this wound recurs/reopens through hui51-57 (see RM-C057-P1/P2, his eventual death). ROMANCE-exclusive dramatization -- no HISTORY_BASE/HISTORY_ANNOTATION account of Zhou Yu being wounded at Nanjun exists in this corpus, a coverage gap not a contradiction. D-017: single-coder, not human-validated."
RM-C051-P4,ROMANCE,三國演義,zh.wikisource.org crawl (edition_ref: TBD by D1),第五十一回,paragraph on Zhuge Liang seizing Nanjun/Jingzhou/Xiangyang via forged tally,PERSON-ZHUGELIANG;PERSON-ZHOUYU;PERSON-GUANYU,BATTLE-CHIBI-001,諸葛亮,周瑜,deceptive_communication,諸葛亮自得了南郡，遂用兵符，星夜詐調荊州守城軍馬來救，卻教張飛襲了荊州……卻教雲長襲取了襄陽。二處城池，全不費力，皆屬劉玄德矣。,project_paraphrase_ellipsis_marked,original_zh_only_paraphrase_ellipsis_marked,a9bcec692f27,Expansion pass 2 (single coder),extracted_not_double_coded,high,"Zhuge Liang uses a captured military tally to impersonate authorized orders and seize three cities while Zhou Yu is fighting Cao Ren for Nanjun -- a documented deception against a rival army, fits deceptive_communication's definition even though the target is a nominal ally's forces, not an enemy. Directly causes Zhou Yu's wound to reopen (RM-C051-P3 -> next chapters). D-017: single-coder, not human-validated."
RM-C053-P1,ROMANCE,三國演義,zh.wikisource.org crawl (edition_ref: TBD by D1),第五十三回,paragraph on Guan Yu refusing extra troops against Changsha,PERSON-GUANYU;PERSON-LIUBEI,BATTLE-CHIBI-001,關羽,,decisive_leadership_under_dissent,量一老卒，何足道哉！關某不須用三千軍，只消本部下五百名校刀手，決定斬黃忠、韓玄之首，來獻麾下。,original_zh_only_no_translation_provided,original_zh_only_no_translation_provided,ed15c615408c,Expansion pass 2 (single coder),extracted_not_double_coded,high,"Guan Yu insists on a small force against Liu Bei's own caution -- fits the dissent-against-caution pattern of the label even though the 'dissent' here is Guan Yu overruling Liu Bei's worry rather than a group of advisors. Post-Chibi Jingzhou-consolidation campaign (Changsha), not the battle itself. D-017: single-coder, not human-validated."
RM-C053-P2,ROMANCE,三國演義,zh.wikisource.org crawl (edition_ref: TBD by D1),第五十三回,"paragraph on the Guan Yu vs Huang Zhong duel, 100+ rounds undecided",PERSON-GUANYU,BATTLE-CHIBI-001,關羽,,combat_skill_display,兩馬交鋒，戰一百餘合，不分勝負……老將黃忠，名不虛傳：鬥一百合，全無破綻。,project_paraphrase_ellipsis_marked,original_zh_only_paraphrase_ellipsis_marked,6a84c7d8ca97,Expansion pass 2 (single coder),extracted_not_double_coded,high,"No HISTORY_BASE/HISTORY_ANNOTATION account of this duel exists in this corpus -- Huang Zhong's own historical role at Changsha is not covered by our current juan set, so this is a coverage gap, not a contradiction. D-017: single-coder, not human-validated."
RM-C053-P3,ROMANCE,三國演義,zh.wikisource.org crawl (edition_ref: TBD by D1),第五十三回,paragraph on Guan Yu sparing Huang Zhong after his horse stumbles,PERSON-GUANYU,BATTLE-CHIBI-001,關羽,,reciprocal_combat_mercy,雲長急回馬，雙手舉刀猛喝曰：「我且饒你性命！快換馬來廝殺！」,original_zh_only_no_translation_provided,original_zh_only_no_translation_provided,e963111948d3,Expansion pass 2 (single coder),extracted_not_double_coded,high,"New label reciprocal_combat_mercy introduced for this row and RM-C053-P4 (see research/coding_manual.md addendum) -- neither appeal_to_past_favor nor loyalty_override_duty fits a spontaneous in-combat mercy with no prior personal debt invoked. D-017: single-coder, not human-validated."
RM-C053-P4,ROMANCE,三國演義,zh.wikisource.org crawl (edition_ref: TBD by D1),第五十三回,paragraph on Huang Zhong deliberately missing Guan Yu with his arrow,PERSON-GUANYU,BATTLE-CHIBI-001,關羽,,reciprocal_combat_mercy,弦響箭到，正射在雲長盔纓根上……方知黃忠有百步穿楊之能，今日只射盔纓，正是報昨日不殺之恩也。,project_paraphrase_ellipsis_marked,original_zh_only_paraphrase_ellipsis_marked,c1a8f86dcda0,Expansion pass 2 (single coder),extracted_not_double_coded,high,"Huang Zhong (outside the 10-person cast) is the actual actor of the archery itself; coded under Guan Yu as subject_of_claim's counterpart since Guan Yu is the cast member and the row documents the mercy shown to him. D-017: single-coder, not human-validated."
RM-C053-P5,ROMANCE,三國演義,zh.wikisource.org crawl (edition_ref: TBD by D1),第五十三回,paragraph on Han Xuan accusing Huang Zhong of treason,PERSON-GUANYU,BATTLE-CHIBI-001,韓玄,,rival_elimination_attempt,昨日馬失，他不殺汝，必有關通。今日兩番虛拽弓弦，第三箭卻正射他盔纓，如何不是外通內連？若不斬汝，必為後患！,original_zh_only_no_translation_provided,original_zh_only_no_translation_provided,3f97f5058577,Expansion pass 2 (single coder),extracted_not_double_coded,medium,"韓玄 (not in the 10-person cast) is the actual actor; coded under Guan Yu since the accusation is about Guan Yu's conduct and directly precipitates the Changsha city's surrender to him. D-017: single-coder, not human-validated."
RM-C056-P1,ROMANCE,三國演義,zh.wikisource.org crawl (edition_ref: TBD by D1),第五十六回,paragraph on Zhuge Liang predicting Zhou Yu's 'borrow a route' ruse,PERSON-ZHUGELIANG;PERSON-ZHOUYU;PERSON-ZHAOYUN,BATTLE-CHIBI-001,諸葛亮,周瑜,foresight_escape_planning,此乃『假途滅虢』之計也。虛名收川，實取荊州……便喚趙雲聽計：「如此如此，其餘我自有擺布。」,project_paraphrase_ellipsis_marked,original_zh_only_paraphrase_ellipsis_marked,c3420b7caecb,Expansion pass 2 (single coder),extracted_not_double_coded,high,"Zhuge Liang identifies Zhou Yu's real scheme (a classic 'borrow a route to destroy Guo' ruse) before it unfolds and pre-arranges Zhao Yun's defense -- extends the foresight_escape_planning pattern from RM-C049-P4 to a full military counter-deception, not just a personal rescue. D-017: single-coder, not human-validated."
RM-C056-P2,ROMANCE,三國演義,zh.wikisource.org crawl (edition_ref: TBD by D1),第五十六回,paragraph on Zhao Yun exposing the ruse at Jingzhou's gate,PERSON-ZHAOYUN;PERSON-ZHOUYU;PERSON-LIUBEI,BATTLE-CHIBI-001,趙雲,周瑜,source_conflict_note,孔明軍師已知都督『假途滅虢』之計，故留趙雲在此。吾主公有言：『孤與劉璋，皆漢室宗親，安忍背義而取西川？』,original_zh_only_no_translation_provided,original_zh_only_no_translation_provided,bfe52fc61d96,Expansion pass 2 (single coder),extracted_not_double_coded,high,"Zhao Yun publicly names and refutes Zhou Yu's cover story -- coding_label reused loosely from its literal 'annotator flags a discrepancy' definition since here it's a character, not an annotator, explicitly contradicting a stated pretext; flagged as an imprecise fit for future label review, not a clean match. D-017: single-coder, not human-validated."
RM-C057-P1,ROMANCE,三國演義,zh.wikisource.org crawl (edition_ref: TBD by D1),第五十七回,paragraph on Zhou Yu's rage on learning of the four-army pincer,PERSON-ZHOUYU,BATTLE-CHIBI-001,周瑜,,military_setback_attribution,周瑜怒氣填胸，墜於馬下，左右急救歸船……你道我取不得西川，吾誓取之！,original_zh_only_no_translation_provided,original_zh_only_no_translation_provided,038d38283c45,Expansion pass 2 (single coder),extracted_not_double_coded,high,"Directly follows RM-C056-P2's exposure of the ruse; Zhou Yu's reopened wound is explicitly attributed to rage at being outmaneuvered, not to the original Nanjun battle wound alone. D-017: single-coder, not human-validated."
RM-C057-P2,ROMANCE,三國演義,zh.wikisource.org crawl (edition_ref: TBD by D1),第五十七回,"paragraph on Zhou Yu's death, the '既生瑜何生亮' line",PERSON-ZHOUYU;PERSON-ZHUGELIANG,BATTLE-CHIBI-001,周瑜,諸葛亮,leadership_self_reflection_regret,吾非不欲盡忠報國，奈天命已絕矣……仰天長歎曰：「既生瑜，何生亮！」連叫數聲而亡。壽三十又六歲。,project_paraphrase_ellipsis_marked,original_zh_only_paraphrase_ellipsis_marked,1c0fd9e76d43,Expansion pass 2 (single coder),extracted_not_double_coded,high,"The single most famous ROMANCE line associated with Zhou Yu -- a fictionalized death entirely absent from HISTORY_BASE/HISTORY_ANNOTATION, which record no dramatic last words or direct Zhuge-Liang-caused death (Zhou Yu's historical death is not covered by any row in this corpus at all). Not classified as a divergence pair since there is no comparable HISTORY_BASE/ANNOTATION claim about his death to contrast against -- a coverage gap, per the analysis_criteria.md rule against forcing claim-vs-silence into a divergence label. D-017: single-coder, not human-validated."
RM-C057-P3,ROMANCE,三國演義,zh.wikisource.org crawl (edition_ref: TBD by D1),第五十七回,paragraph on Zhou Yu's deathbed letter recommending Lu Su as successor,PERSON-ZHOUYU;PERSON-LUSU;PERSON-SUNQUAN,BATTLE-CHIBI-001,周瑜,魯肅,peer_praise,公瑾有王佐之才，今忽短命而死，孤何賴哉？既遺書特薦子敬，孤敢不從之？,original_zh_only_no_translation_provided,original_zh_only_no_translation_provided,222d09028695,Expansion pass 2 (single coder),extracted_not_double_coded,high,"ROMANCE counterpart to HA-J54-P6 (HISTORY_ANNOTATION, 江表傳): both layers agree Zhou Yu recommended Lu Su as his successor on his deathbed -- candidate new COMPATIBLE divergence case (same claim, both layers agree), not yet added to compute_chibi_result.py's divergence_cases (flagged for orchestrator/next pass, needs the exact HA-J54-P6 wording cross-checked first). D-017: single-coder, not human-validated."
RM-C057-P4,ROMANCE,三國演義,zh.wikisource.org crawl (edition_ref: TBD by D1),第五十七回,paragraph on Zhuge Liang mourning at Zhou Yu's funeral,PERSON-ZHUGELIANG;PERSON-ZHOUYU;PERSON-LUSU,BATTLE-CHIBI-001,諸葛亮,周瑜,peer_praise,孔明祭畢，伏地大哭，淚如湧泉，哀慟不已。眾將相謂曰：「人盡道公瑾與孔明不睦，今觀其祭奠之情，人皆虛言也。」,original_zh_only_no_translation_provided,original_zh_only_no_translation_provided,f11c00f1db91,Expansion pass 2 (single coder),extracted_not_double_coded,medium,"Zhuge Liang's grief is staged/ambiguous in the wider narrative (he privately schemed against Zhou Yu throughout); coded as peer_praise for the performed content itself, not a claim about his sincerity -- genuinely ambiguous, flagged rather than resolved. D-017: single-coder, not human-validated."
RM-C054-P1,ROMANCE,三國演義,zh.wikisource.org crawl (edition_ref: TBD by D1),第五十四回,"paragraph on Zhuge Liang's rebuttal to Lu Su, crediting the east wind for Zhou Yu's victory",PERSON-ZHUGELIANG;PERSON-ZHOUYU;PERSON-LUSU,BATTLE-CHIBI-001,諸葛亮,周瑜,rival_credit_denial,且赤壁之戰，我主多負勤勞，眾將並皆用命，豈獨是汝東吳之力？若非我借東南風，周郎安能展半籌之功？,original_zh_only_no_translation_provided,original_zh_only_no_translation_provided,b6029eab18e5,Expansion pass 2 (single coder),extracted_not_double_coded,high,"Zhuge Liang explicitly claims Zhou Yu could not have won at all without his (supernatural) east wind -- reinforces the existing divergence.fireattack_originator case's ROMANCE-side tendency to center Zhuge Liang's contribution over Zhou Yu's own agency. D-017: single-coder, not human-validated."
