file_id,original_relative_path,sha256,size_bytes,file_format,detected_encoding,script_type,source_layer,work_title,volume_or_chapter,source_url_ref,crawl_date,edition_ref,rights_status,classification_confidence,notes
HISTORY_BASE_01.json,raw/inbox/history_base_zh/01.json,60d89e7d5974992f157d578d082586628371310fc497934b25962d2d4f68a1f0,97516,json,utf-8,traditional_dominant,HISTORY_BASE,三國志,unit=卷;num=1;label=卷一,zh.wikisource.org,2026-08-06,,TBD_legal_review,high_folder_based,parse_ok
HISTORY_BASE_02.json,raw/inbox/history_base_zh/02.json,0af984bd9a392d3434b4b18a0d036427038fa4350b16d60ab19f122bdb14eda6,34090,json,utf-8,traditional_dominant,HISTORY_BASE,三國志,unit=卷;num=2;label=卷二,zh.wikisource.org,2026-08-06,,TBD_legal_review,high_folder_based,parse_ok
HISTORY_BASE_03.json,raw/inbox/history_base_zh/03.json,a9ba283022b6f6d0ef18a31505c5b5fea391c484ff09562921ce6b15697debdd,46767,json,utf-8,traditional_dominant,HISTORY_BASE,三國志,unit=卷;num=3;label=卷三,zh.wikisource.org,2026-08-06,,TBD_legal_review,high_folder_based,parse_ok
HISTORY_BASE_04.json,raw/inbox/history_base_zh/04.json,d6c337cbbba3120958d0725ab20a3c390cd50973b24d4bf2a810ecff3df22bb3,68920,json,utf-8,traditional_dominant,HISTORY_BASE,三國志,unit=卷;num=4;label=卷四,zh.wikisource.org,2026-08-06,,TBD_legal_review,high_folder_based,parse_ok
HISTORY_BASE_05.json,raw/inbox/history_base_zh/05.json,c0ad634d43f5e4c4cde77b49cc977154657c1070b226120713fb29bf4dad1393,26067,json,utf-8,mixed_or_uncertain,HISTORY_BASE,三國志,unit=卷;num=5;label=卷五,zh.wikisource.org,2026-08-06,,TBD_legal_review,high_folder_based,parse_ok
HISTORY_BASE_06.json,raw/inbox/history_base_zh/06.json,13f74c6c2afcb008fcee40f2ad965085faeac14f0e626bdcc64ce3b33f9db1b3,92409,json,utf-8,traditional_dominant,HISTORY_BASE,三國志,unit=卷;num=6;label=卷六,zh.wikisource.org,2026-08-06,,TBD_legal_review,high_folder_based,parse_ok
HISTORY_BASE_07.json,raw/inbox/history_base_zh/07.json,f5de522f97094653327eca0602de609f77f57435ec7bad3777db4c1b72190415,30530,json,utf-8,traditional_dominant,HISTORY_BASE,三國志,unit=卷;num=7;label=卷七,zh.wikisource.org,2026-08-06,,TBD_legal_review,high_folder_based,parse_ok
HISTORY_BASE_08.json,raw/inbox/history_base_zh/08.json,a47f0792a60fb0b1c3f0519fa35b591843c380ebc46d3ff4b0a6e38950e4bd3f,37904,json,utf-8,traditional_dominant,HISTORY_BASE,三國志,unit=卷;num=8;label=卷八,zh.wikisource.org,2026-08-06,,TBD_legal_review,high_folder_based,parse_ok
HISTORY_BASE_09.json,raw/inbox/history_base_zh/09.json,4f7b3933e93e73e6b0e1d48d0da789d05713ee153a404f45a64df188c347f291,73775,json,utf-8,traditional_dominant,HISTORY_BASE,三國志,unit=卷;num=9;label=卷九,zh.wikisource.org,2026-08-06,,TBD_legal_review,high_folder_based,parse_ok
HISTORY_BASE_10.json,raw/inbox/history_base_zh/10.json,afda493735739c11955cd0fc0c51877cbe846ef98fc67e9b4264d87919b06b70,49661,json,utf-8,traditional_dominant,HISTORY_BASE,三國志,unit=卷;num=10;label=卷十,zh.wikisource.org,2026-08-06,,TBD_legal_review,high_folder_based,parse_ok
HISTORY_BASE_11.json,raw/inbox/history_base_zh/11.json,dedd9c2f99d8f388f2811d3d95fc2ac16b0f292fae58d244edd66e0e770b81ca,63380,json,utf-8,traditional_dominant,HISTORY_BASE,三國志,unit=卷;num=11;label=卷十一,zh.wikisource.org,2026-08-06,,TBD_legal_review,high_folder_based,parse_ok
HISTORY_BASE_12.json,raw/inbox/history_base_zh/12.json,c877392553182b5e6174d2fd85f975cc2478531ec7086300466bcb4fcd636ae5,36784,json,utf-8,traditional_dominant,HISTORY_BASE,三國志,unit=卷;num=12;label=卷十二,zh.wikisource.org,2026-08-06,,TBD_legal_review,high_folder_based,parse_ok
HISTORY_BASE_13.json,raw/inbox/history_base_zh/13.json,198f4e7dc130e8813f016db4fe3cc6abef327c8981391dafdc6bb09a0e877349,62030,json,utf-8,traditional_dominant,HISTORY_BASE,三國志,unit=卷;num=13;label=卷十三,zh.wikisource.org,2026-08-06,,TBD_legal_review,high_folder_based,parse_ok
HISTORY_BASE_14.json,raw/inbox/history_base_zh/14.json,ee363860bedc78f032ab4db0305a4ec77c256ec84debc13e4a793761f076c267,52772,json,utf-8,traditional_dominant,HISTORY_BASE,三國志,unit=卷;num=14;label=卷十四,zh.wikisource.org,2026-08-06,,TBD_legal_review,high_folder_based,parse_ok
HISTORY_BASE_15.json,raw/inbox/history_base_zh/15.json,d07db30b17244cdb1276b4eb993993e2b4da4f9baf9bbdf3aeacf18c58945595,41528,json,utf-8,traditional_dominant,HISTORY_BASE,三國志,unit=卷;num=15;label=卷十五,zh.wikisource.org,2026-08-06,,TBD_legal_review,high_folder_based,parse_ok
HISTORY_BASE_16.json,raw/inbox/history_base_zh/16.json,db8703892bf5d8b6a65907d3999fa037cf9fe9e10719538af9bb2d1f4f9b61dd,37080,json,utf-8,simplified_dominant,HISTORY_BASE,三國志,unit=卷;num=16;label=卷十六,zh.wikisource.org,2026-08-06,,TBD_legal_review,high_folder_based,parse_ok
HISTORY_BASE_17.json,raw/inbox/history_base_zh/17.json,f413ccd32a717fdcbf7a178d4eda098c67d73d5a53aa612237ca27c5da8df4dc,24564,json,utf-8,traditional_dominant,HISTORY_BASE,三國志,unit=卷;num=17;label=卷十七,zh.wikisource.org,2026-08-06,,TBD_legal_review,high_folder_based,parse_ok
HISTORY_BASE_18.json,raw/inbox/history_base_zh/18.json,ffdbf6e227e37e64fee322fe0c0613692c7dd1e2c6b5f461d44301c337e33479,32535,json,utf-8,traditional_dominant,HISTORY_BASE,三國志,unit=卷;num=18;label=卷十八,zh.wikisource.org,2026-08-06,,TBD_legal_review,high_folder_based,parse_ok
HISTORY_BASE_19.json,raw/inbox/history_base_zh/19.json,6d025d0c0a094174b56bda7b99b47d95933d7aa224b389513c8d9edf71d79122,22002,json,utf-8,traditional_dominant,HISTORY_BASE,三國志,unit=卷;num=19;label=卷十九,zh.wikisource.org,2026-08-06,,TBD_legal_review,high_folder_based,parse_ok
HISTORY_BASE_20.json,raw/inbox/history_base_zh/20.json,c849d6975419b4bf80684cce04c660f2f1138aba383e4966caa1488457182473,20103,json,utf-8,traditional_dominant,HISTORY_BASE,三國志,unit=卷;num=20;label=卷二十,zh.wikisource.org,2026-08-06,,TBD_legal_review,high_folder_based,parse_ok
HISTORY_BASE_21.json,raw/inbox/history_base_zh/21.json,962c29b79e44b89f043020a3798d06e9c1f349f7f6d7d3335195e07c7f4833b8,61436,json,utf-8,traditional_dominant,HISTORY_BASE,三國志,unit=卷;num=21;label=卷二十一,zh.wikisource.org,2026-08-06,,TBD_legal_review,high_folder_based,parse_ok
HISTORY_BASE_22.json,raw/inbox/history_base_zh/22.json,d083438e971ae5fb19d301ed1a430045d5b62c27c24e1d108311c10c3b52389b,32339,json,utf-8,mixed_or_uncertain,HISTORY_BASE,三國志,unit=卷;num=22;label=卷二十二,zh.wikisource.org,2026-08-06,,TBD_legal_review,high_folder_based,parse_ok
HISTORY_BASE_23.json,raw/inbox/history_base_zh/23.json,4e6085dcd4ce097a38604ae4eef00a3a630c346a0ab40aa1e6e7a3761978fd75,41785,json,utf-8,traditional_dominant,HISTORY_BASE,三國志,unit=卷;num=23;label=卷二十三,zh.wikisource.org,2026-08-06,,TBD_legal_review,high_folder_based,parse_ok
HISTORY_BASE_24.json,raw/inbox/history_base_zh/24.json,bf2baa2988766c25145738af0b6289c8558106178a0702a8bd5fa4d213a9bc30,31381,json,utf-8,traditional_dominant,HISTORY_BASE,三國志,unit=卷;num=24;label=卷二十四,zh.wikisource.org,2026-08-06,,TBD_legal_review,high_folder_based,parse_ok
HISTORY_BASE_25.json,raw/inbox/history_base_zh/25.json,75a38860f881b7affc257c817af043a6344fde65f66cef3bb4f74880ddfeb2e1,32896,json,utf-8,traditional_dominant,HISTORY_BASE,三國志,unit=卷;num=25;label=卷二十五,zh.wikisource.org,2026-08-06,,TBD_legal_review,high_folder_based,parse_ok
HISTORY_BASE_26.json,raw/inbox/history_base_zh/26.json,e953defd6f022aab739396c6344ee0edb5419003dc84234d89757ff88332d4ee,27605,json,utf-8,traditional_dominant,HISTORY_BASE,三國志,unit=卷;num=26;label=卷二十六,zh.wikisource.org,2026-08-06,,TBD_legal_review,high_folder_based,parse_ok
HISTORY_BASE_27.json,raw/inbox/history_base_zh/27.json,2dfd671fcc2a0f01f911e627bd952217a7e9496c0b4e0dc5d437cce794fa1c55,23569,json,utf-8,traditional_dominant,HISTORY_BASE,三國志,unit=卷;num=27;label=卷二十七,zh.wikisource.org,2026-08-06,,TBD_legal_review,high_folder_based,parse_ok
HISTORY_BASE_28.json,raw/inbox/history_base_zh/28.json,c7cf897d97a770781b489fd10eb6bf3658433fcfb301986478a3c4af0ec26b39,69370,json,utf-8,traditional_dominant,HISTORY_BASE,三國志,unit=卷;num=28;label=卷二十八,zh.wikisource.org,2026-08-06,,TBD_legal_review,high_folder_based,parse_ok
HISTORY_BASE_29.json,raw/inbox/history_base_zh/29.json,0fa707280dd339a9cb7c41fe6b1f594d14ee67c5e346fe24bd3fb2eb95631215,62863,json,utf-8,traditional_dominant,HISTORY_BASE,三國志,unit=卷;num=29;label=卷二十九,zh.wikisource.org,2026-08-06,,TBD_legal_review,high_folder_based,parse_ok
HISTORY_BASE_30.json,raw/inbox/history_base_zh/30.json,58b1e112c487393f11923e3b8de689e3df7e356572abf6339e4e51046ddf86c6,59816,json,utf-8,traditional_dominant,HISTORY_BASE,三國志,unit=卷;num=30;label=卷三十,zh.wikisource.org,2026-08-06,,TBD_legal_review,high_folder_based,parse_ok
HISTORY_BASE_31.json,raw/inbox/history_base_zh/31.json,a4fa396ea741eb1aac7913cce8a15dceebee7547e5dee4efe577c32d27cdfd05,10843,json,utf-8,traditional_dominant,HISTORY_BASE,三國志,unit=卷;num=31;label=卷三十一,zh.wikisource.org,2026-08-06,,TBD_legal_review,high_folder_based,parse_ok
HISTORY_BASE_32.json,raw/inbox/history_base_zh/32.json,5b21e23a94a2ff766a3e9e0dd4ba4fd7b807afbcaf2b05358b28b404d075be12,28780,json,utf-8,traditional_dominant,HISTORY_BASE,三國志,unit=卷;num=32;label=卷三十二,zh.wikisource.org,2026-08-06,,TBD_legal_review,high_folder_based,parse_ok
HISTORY_BASE_33.json,raw/inbox/history_base_zh/33.json,633d3296d51df72971bf498fb5055d286e6480427656637b79cab691d474f850,14199,json,utf-8,traditional_dominant,HISTORY_BASE,三國志,unit=卷;num=33;label=卷三十三,zh.wikisource.org,2026-08-06,,TBD_legal_review,high_folder_based,parse_ok
HISTORY_BASE_34.json,raw/inbox/history_base_zh/34.json,cff52ae35a50551d82e506be877358da8c08252ea403885068b6f1575221518e,4884,json,utf-8,traditional_dominant,HISTORY_BASE,三國志,unit=卷;num=34;label=卷三十四,zh.wikisource.org,2026-08-06,,TBD_legal_review,high_folder_based,parse_ok
HISTORY_BASE_35.json,raw/inbox/history_base_zh/35.json,188317468270502513aaf22749f3b731736f422b65dcec7f16bf17844b30b20e,48833,json,utf-8,traditional_dominant,HISTORY_BASE,三國志,unit=卷;num=35;label=卷三十五,zh.wikisource.org,2026-08-06,,TBD_legal_review,high_folder_based,parse_ok
HISTORY_BASE_36.json,raw/inbox/history_base_zh/36.json,b17a838e7e133c79a12a4e19b3521f7d6d4423828a0843d878faf0f92286620c,23117,json,utf-8,traditional_dominant,HISTORY_BASE,三國志,unit=卷;num=36;label=卷三十六,zh.wikisource.org,2026-08-06,,TBD_legal_review,high_folder_based,parse_ok
HISTORY_BASE_37.json,raw/inbox/history_base_zh/37.json,bf499f3b0891b4e9a26edc36bf4129a6cb267c3350f71b738c56667feb7422e1,17319,json,utf-8,traditional_dominant,HISTORY_BASE,三國志,unit=卷;num=37;label=卷三十七,zh.wikisource.org,2026-08-06,,TBD_legal_review,high_folder_based,parse_ok
HISTORY_BASE_38.json,raw/inbox/history_base_zh/38.json,491eac393a4d040b837009b3fb6945d1a8737a2fe6f8716e89aec046334f674f,16066,json,utf-8,traditional_dominant,HISTORY_BASE,三國志,unit=卷;num=38;label=卷三十八,zh.wikisource.org,2026-08-06,,TBD_legal_review,high_folder_based,parse_ok
HISTORY_BASE_39.json,raw/inbox/history_base_zh/39.json,f5bdd38f2c1b0eb9ff3651adb17051efa33579cab62ea3a0082b057578595298,16989,json,utf-8,traditional_dominant,HISTORY_BASE,三國志,unit=卷;num=39;label=卷三十九,zh.wikisource.org,2026-08-06,,TBD_legal_review,high_folder_based,parse_ok
HISTORY_BASE_40.json,raw/inbox/history_base_zh/40.json,f1584ece277c870305e3b6ade1189fc1117a65108a7f1bec10db9114568178cd,20565,json,utf-8,traditional_dominant,HISTORY_BASE,三國志,unit=卷;num=40;label=卷四十,zh.wikisource.org,2026-08-06,,TBD_legal_review,high_folder_based,parse_ok
HISTORY_BASE_41.json,raw/inbox/history_base_zh/41.json,6cc1fac54918b866480c11b68402f5725041d6bfde56f2a2322504fc7fa84532,18617,json,utf-8,mixed_or_uncertain,HISTORY_BASE,三國志,unit=卷;num=41;label=卷四十一,zh.wikisource.org,2026-08-06,,TBD_legal_review,high_folder_based,parse_ok
HISTORY_BASE_42.json,raw/inbox/history_base_zh/42.json,89925fa42fdb80a8ad7bc99ba594c5d574d2cb95879dcc4ee649d1ec166df12a,21893,json,utf-8,traditional_dominant,HISTORY_BASE,三國志,unit=卷;num=42;label=卷四十二,zh.wikisource.org,2026-08-06,,TBD_legal_review,high_folder_based,parse_ok
HISTORY_BASE_43.json,raw/inbox/history_base_zh/43.json,40300135df0bde599fda53250b27796856f73a27fd9456e9579abf17bebae3a8,18157,json,utf-8,traditional_dominant,HISTORY_BASE,三國志,unit=卷;num=43;label=卷四十三,zh.wikisource.org,2026-08-06,,TBD_legal_review,high_folder_based,parse_ok
HISTORY_BASE_44.json,raw/inbox/history_base_zh/44.json,8964b933cb08d384fc08a7b08c4f2d2397e4c118cce2105eda15e57839200594,21600,json,utf-8,traditional_dominant,HISTORY_BASE,三國志,unit=卷;num=44;label=卷四十四,zh.wikisource.org,2026-08-06,,TBD_legal_review,high_folder_based,parse_ok
HISTORY_BASE_45.json,raw/inbox/history_base_zh/45.json,8268c07ff48ae54d72fc40e97a6596708e04b5b5ee0291c901e312b051de4ec0,28512,json,utf-8,traditional_dominant,HISTORY_BASE,三國志,unit=卷;num=45;label=卷四十五,zh.wikisource.org,2026-08-06,,TBD_legal_review,high_folder_based,parse_ok
HISTORY_BASE_46.json,raw/inbox/history_base_zh/46.json,17fe50cb32b21e9694d88d4fb24879afb6f4d5c7855b6ec14b687061eecdd5a9,41680,json,utf-8,traditional_dominant,HISTORY_BASE,三國志,unit=卷;num=46;label=卷四十六,zh.wikisource.org,2026-08-06,,TBD_legal_review,high_folder_based,parse_ok
HISTORY_BASE_47.json,raw/inbox/history_base_zh/47.json,eda21e6e8cc3589597fc5985e006f9c44151cce2f90e45bd130825c55b685483,60226,json,utf-8,traditional_dominant,HISTORY_BASE,三國志,unit=卷;num=47;label=卷四十七,zh.wikisource.org,2026-08-06,,TBD_legal_review,high_folder_based,parse_ok
HISTORY_BASE_48.json,raw/inbox/history_base_zh/48.json,71359f1c3f381358d390da89a1879fd55379b3650a36f972df040cdb1ea5f4f4,61265,json,utf-8,traditional_dominant,HISTORY_BASE,三國志,unit=卷;num=48;label=卷四十八,zh.wikisource.org,2026-08-06,,TBD_legal_review,high_folder_based,parse_ok
HISTORY_BASE_49.json,raw/inbox/history_base_zh/49.json,c0b94c410d8da9d2cc3547dbf4efae9c944e5dbaa03e901f0ecfc63a2f703fe9,19802,json,utf-8,mixed_or_uncertain,HISTORY_BASE,三國志,unit=卷;num=49;label=卷四十九,zh.wikisource.org,2026-08-06,,TBD_legal_review,high_folder_based,parse_ok
HISTORY_BASE_50.json,raw/inbox/history_base_zh/50.json,21fc1e207e710d11bcabf1da3a7f3f52855124c4832c9b366f5e37d039f567f7,13068,json,utf-8,traditional_dominant,HISTORY_BASE,三國志,unit=卷;num=50;label=卷五十,zh.wikisource.org,2026-08-06,,TBD_legal_review,high_folder_based,parse_ok
HISTORY_BASE_51.json,raw/inbox/history_base_zh/51.json,e6bd65e630e1369399a283123d57b04a3aa394bc956dc39721cb7d8093ca1b3d,22328,json,utf-8,mixed_or_uncertain,HISTORY_BASE,三國志,unit=卷;num=51;label=卷五十一,zh.wikisource.org,2026-08-06,,TBD_legal_review,high_folder_based,parse_ok
HISTORY_BASE_52.json,raw/inbox/history_base_zh/52.json,8c370d45d0fa1dee4ad30d6d224ed22ef21283f9fc635a68b7a89a406d0830b3,36906,json,utf-8,mixed_or_uncertain,HISTORY_BASE,三國志,unit=卷;num=52;label=卷五十二,zh.wikisource.org,2026-08-06,,TBD_legal_review,high_folder_based,parse_ok
HISTORY_BASE_53.json,raw/inbox/history_base_zh/53.json,8f2ecad77d97f69bb56c098c212178cebd7be52a4e0dc4f3dcdfb7c715935685,18309,json,utf-8,traditional_dominant,HISTORY_BASE,三國志,unit=卷;num=53;label=卷五十三,zh.wikisource.org,2026-08-06,,TBD_legal_review,high_folder_based,parse_ok
HISTORY_BASE_54.json,raw/inbox/history_base_zh/54.json,43328e15dcb39637cdc5713c61ea5f3c47f5f41ae8ec91736289bfd5bb7b8e97,37145,json,utf-8,traditional_dominant,HISTORY_BASE,三國志,unit=卷;num=54;label=卷五十四,zh.wikisource.org,2026-08-06,,TBD_legal_review,high_folder_based,parse_ok
HISTORY_BASE_55.json,raw/inbox/history_base_zh/55.json,86884dceed5f24dfa4c664204af4233e5d70acbb5fba23e10119330c2f23f6bd,31327,json,utf-8,traditional_dominant,HISTORY_BASE,三國志,unit=卷;num=55;label=卷五十五,zh.wikisource.org,2026-08-06,,TBD_legal_review,high_folder_based,parse_ok
HISTORY_BASE_56.json,raw/inbox/history_base_zh/56.json,5dd0186cbf5ce6cac5fbdd19afd1cd18bcd08ea2e2d0ce8de44b5b8fa6019888,22752,json,utf-8,traditional_dominant,HISTORY_BASE,三國志,unit=卷;num=56;label=卷五十六,zh.wikisource.org,2026-08-06,,TBD_legal_review,high_folder_based,parse_ok
HISTORY_BASE_57.json,raw/inbox/history_base_zh/57.json,4690ff1c887ba28d1377d1bf92a12d2c2a50fed9cd1647b1b16ea3a4195199b7,36330,json,utf-8,mixed_or_uncertain,HISTORY_BASE,三國志,unit=卷;num=57;label=卷五十七,zh.wikisource.org,2026-08-06,,TBD_legal_review,high_folder_based,parse_ok
HISTORY_BASE_58.json,raw/inbox/history_base_zh/58.json,13eae8fe350a7fc77f5207103386c632842385f5de48e747eba1c88702f45a0a,23457,json,utf-8,traditional_dominant,HISTORY_BASE,三國志,unit=卷;num=58;label=卷五十八,zh.wikisource.org,2026-08-06,,TBD_legal_review,high_folder_based,parse_ok
HISTORY_BASE_59.json,raw/inbox/history_base_zh/59.json,e2d09a5dff9daae8c66d027983adb9bdae0ce151b7e2cce91cc6af1137e1a8c1,22454,json,utf-8,traditional_dominant,HISTORY_BASE,三國志,unit=卷;num=59;label=卷五十九,zh.wikisource.org,2026-08-06,,TBD_legal_review,high_folder_based,parse_ok
HISTORY_BASE_60.json,raw/inbox/history_base_zh/60.json,0688642c7aa0acad33a7c34e997482ed55a92f81b7ca6ac981c2c65247c1cee0,24508,json,utf-8,mixed_or_uncertain,HISTORY_BASE,三國志,unit=卷;num=60;label=卷六十,zh.wikisource.org,2026-08-06,,TBD_legal_review,high_folder_based,parse_ok
HISTORY_BASE_61.json,raw/inbox/history_base_zh/61.json,a2e126f3756c199123a19e955faa5dc7d169a94223d8d7ea64d17c87860021aa,10899,json,utf-8,mixed_or_uncertain,HISTORY_BASE,三國志,unit=卷;num=61;label=卷六十一,zh.wikisource.org,2026-08-06,,TBD_legal_review,high_folder_based,parse_ok
HISTORY_BASE_62.json,raw/inbox/history_base_zh/62.json,1ed942acbbfe52a0b256711d9efbb86e519d92305627a585cf244f9398216d8a,7449,json,utf-8,traditional_dominant,HISTORY_BASE,三國志,unit=卷;num=62;label=卷六十二,zh.wikisource.org,2026-08-06,,TBD_legal_review,high_folder_based,parse_ok
HISTORY_BASE_63.json,raw/inbox/history_base_zh/63.json,49348e1f029935e43e848ad113b7162c75bc7ef89a484ba68154c300c4adad85,12070,json,utf-8,traditional_dominant,HISTORY_BASE,三國志,unit=卷;num=63;label=卷六十三,zh.wikisource.org,2026-08-06,,TBD_legal_review,high_folder_based,parse_ok
HISTORY_BASE_64.json,raw/inbox/history_base_zh/64.json,1f988b2d5990420484c4b087dbc89d7ac03abb3ee11e8791172d01ce7fcf0ad0,31658,json,utf-8,traditional_dominant,HISTORY_BASE,三國志,unit=卷;num=64;label=卷六十四,zh.wikisource.org,2026-08-06,,TBD_legal_review,high_folder_based,parse_ok
HISTORY_BASE_65.json,raw/inbox/history_base_zh/65.json,cdae4c2ec592a232ffbac9448cd9d8d3511e3c2c7b16ee17b4a4b8d09ae34764,9980,json,utf-8,mixed_or_uncertain,HISTORY_BASE,三國志,unit=卷;num=65;label=卷六十五,zh.wikisource.org,2026-08-06,,TBD_legal_review,high_folder_based,parse_ok
ROMANCE_001.json,raw/inbox/romance_zh/001.json,85f04ef1236f6f9eeacfa19ab3a6056a401182201ea2f6bf4d173161fc76a651,14004,json,utf-8,traditional_dominant,ROMANCE,三國演義,unit=回;num=1;label=第一回,zh.wikisource.org,2026-08-06,,TBD_legal_review,high_folder_based,parse_ok
ROMANCE_002.json,raw/inbox/romance_zh/002.json,46302a7859e221a9af32fb50a6ba9f372caa4e0545445ef7ad522852084f8d82,17645,json,utf-8,traditional_dominant,ROMANCE,三國演義,unit=回;num=2;label=第二回,zh.wikisource.org,2026-08-06,,TBD_legal_review,high_folder_based,parse_ok
ROMANCE_003.json,raw/inbox/romance_zh/003.json,f779ced02f11c42096b82c66217bf67adbdd939f4f0103b8742de399e3b65b31,14747,json,utf-8,traditional_dominant,ROMANCE,三國演義,unit=回;num=3;label=第三回,zh.wikisource.org,2026-08-06,,TBD_legal_review,high_folder_based,parse_ok
ROMANCE_004.json,raw/inbox/romance_zh/004.json,7aa96b9cc13d4e23a7de3e73c4e99862515e6f502796fb9f7ee1b1ef7ac6436e,11859,json,utf-8,traditional_dominant,ROMANCE,三國演義,unit=回;num=4;label=第四回,zh.wikisource.org,2026-08-06,,TBD_legal_review,high_folder_based,parse_ok
ROMANCE_005.json,raw/inbox/romance_zh/005.json,15053effab7b3c832c7009b6d23b99b8e7053558d94a52ba06c93e995036e0ad,14905,json,utf-8,traditional,ROMANCE,三國演義,unit=回;num=5;label=第五回,zh.wikisource.org,2026-08-06,,TBD_legal_review,high_folder_based,parse_ok
ROMANCE_006.json,raw/inbox/romance_zh/006.json,8c4c119f48904d1e90b59e79b70c076b45d7f69da17a54fe8fe456b15a170d53,12743,json,utf-8,traditional_dominant,ROMANCE,三國演義,unit=回;num=6;label=第六回,zh.wikisource.org,2026-08-06,,TBD_legal_review,high_folder_based,parse_ok
ROMANCE_007.json,raw/inbox/romance_zh/007.json,98e83022b8d26470b785d6bc85fc4732f3fa23e3509a94347a80e81dc9c9d2d6,13899,json,utf-8,traditional,ROMANCE,三國演義,unit=回;num=7;label=第七回,zh.wikisource.org,2026-08-06,,TBD_legal_review,high_folder_based,parse_ok
ROMANCE_008.json,raw/inbox/romance_zh/008.json,d78f3acd50b51147eedc08831d7571227e2a3b29c85d10b95c3bc1a14b05ef96,12501,json,utf-8,traditional,ROMANCE,三國演義,unit=回;num=8;label=第八回,zh.wikisource.org,2026-08-06,,TBD_legal_review,high_folder_based,parse_ok
ROMANCE_009.json,raw/inbox/romance_zh/009.json,01a6fcfad0f454a5646255488f7eb1244dedfd767407fd64bbbc1b22c3d0eb6b,15780,json,utf-8,traditional_dominant,ROMANCE,三國演義,unit=回;num=9;label=第九回,zh.wikisource.org,2026-08-06,,TBD_legal_review,high_folder_based,parse_ok
ROMANCE_010.json,raw/inbox/romance_zh/010.json,600ffe741286d3903f365612fdc44bb4cc3afecc2c6c76ca6b72d88fb7c7290d,12789,json,utf-8,traditional,ROMANCE,三國演義,unit=回;num=10;label=第十回,zh.wikisource.org,2026-08-06,,TBD_legal_review,high_folder_based,parse_ok
ROMANCE_011.json,raw/inbox/romance_zh/011.json,77949511f412239faa88f9228c4770f7508ea2cc07b858b267145124f9badc64,17574,json,utf-8,traditional_dominant,ROMANCE,三國演義,unit=回;num=11;label=第十一回,zh.wikisource.org,2026-08-06,,TBD_legal_review,high_folder_based,parse_ok
ROMANCE_012.json,raw/inbox/romance_zh/012.json,462e00046615ecdb994a02706f5fa50ed0e35fb1e06d6c591fb11bac0e885da5,13933,json,utf-8,traditional_dominant,ROMANCE,三國演義,unit=回;num=12;label=第十二回,zh.wikisource.org,2026-08-06,,TBD_legal_review,high_folder_based,parse_ok
ROMANCE_013.json,raw/inbox/romance_zh/013.json,699911f754baf0197f0ac4cc0cbc22e7c835b3bee3ce2d31779a926be91de14a,17471,json,utf-8,traditional_dominant,ROMANCE,三國演義,unit=回;num=13;label=第十三回,zh.wikisource.org,2026-08-06,,TBD_legal_review,high_folder_based,parse_ok
ROMANCE_014.json,raw/inbox/romance_zh/014.json,1ce3f6a11ec096ceed3061b664d69af8f5bf6848d9d9305f13080f66e24cd7c7,18985,json,utf-8,traditional_dominant,ROMANCE,三國演義,unit=回;num=14;label=第十四回,zh.wikisource.org,2026-08-06,,TBD_legal_review,high_folder_based,parse_ok
ROMANCE_015.json,raw/inbox/romance_zh/015.json,70c1ccaab504ea572002b8087189c38edf20741035d36249465e815e7d3668b6,21844,json,utf-8,traditional_dominant,ROMANCE,三國演義,unit=回;num=15;label=第十五回,zh.wikisource.org,2026-08-06,,TBD_legal_review,high_folder_based,parse_ok
ROMANCE_016.json,raw/inbox/romance_zh/016.json,9c7284c0cc5e0ef639970b82c37d1c36ff840ce32da1351ad1a7bf49f306d0c5,19987,json,utf-8,traditional_dominant,ROMANCE,三國演義,unit=回;num=16;label=第十六回,zh.wikisource.org,2026-08-06,,TBD_legal_review,high_folder_based,parse_ok
ROMANCE_017.json,raw/inbox/romance_zh/017.json,fde7cc2549ea90ab2fe624d6160fcb4f6ee69d9e9b963d47d6551d9b11b8a34a,13211,json,utf-8,traditional_dominant,ROMANCE,三國演義,unit=回;num=17;label=第十七回,zh.wikisource.org,2026-08-06,,TBD_legal_review,high_folder_based,parse_ok
ROMANCE_018.json,raw/inbox/romance_zh/018.json,7b5219eabe85f6bc0da068514447fc906904a46541a3836f6222cdf08e759585,11481,json,utf-8,traditional_dominant,ROMANCE,三國演義,unit=回;num=18;label=第十八回,zh.wikisource.org,2026-08-06,,TBD_legal_review,high_folder_based,parse_ok
ROMANCE_019.json,raw/inbox/romance_zh/019.json,0de5f6ca5439a0ffd16011d8904d1e3923bfc4a8846b1eeaea0b848686b0a0fa,18978,json,utf-8,traditional_dominant,ROMANCE,三國演義,unit=回;num=19;label=第十九回,zh.wikisource.org,2026-08-06,,TBD_legal_review,high_folder_based,parse_ok
ROMANCE_020.json,raw/inbox/romance_zh/020.json,63cfa59f5e42cf52343f9089f19b9a332f1eac280605ee1becb0fbcb866a4931,12929,json,utf-8,traditional_dominant,ROMANCE,三國演義,unit=回;num=20;label=第二十回,zh.wikisource.org,2026-08-06,,TBD_legal_review,high_folder_based,parse_ok
ROMANCE_021.json,raw/inbox/romance_zh/021.json,7cfdfe893f98eb6c808de436586bc91396a6a1de30fd6851de445d2a5b4ed15b,14159,json,utf-8,traditional_dominant,ROMANCE,三國演義,unit=回;num=21;label=第二十一回,zh.wikisource.org,2026-08-06,,TBD_legal_review,high_folder_based,parse_ok
ROMANCE_022.json,raw/inbox/romance_zh/022.json,d071be5af72f5ea689cfdcccae7ada409129e75837d53f1de6ac736768fce8fb,11481,json,utf-8,traditional,ROMANCE,三國演義,unit=回;num=22;label=第二十二回,zh.wikisource.org,2026-08-06,,TBD_legal_review,high_folder_based,parse_ok
ROMANCE_023.json,raw/inbox/romance_zh/023.json,d6d1b1221a07909de49d3013204a221da202fb4c877179fc097094e5ce4d8db8,15711,json,utf-8,traditional_dominant,ROMANCE,三國演義,unit=回;num=23;label=第二十三回,zh.wikisource.org,2026-08-06,,TBD_legal_review,high_folder_based,parse_ok
ROMANCE_024.json,raw/inbox/romance_zh/024.json,3736ccd642d12efb1125cc126f78578ef0ac411bce185bbd4d60ef58220097a6,8205,json,utf-8,traditional_dominant,ROMANCE,三國演義,unit=回;num=24;label=第二十四回,zh.wikisource.org,2026-08-06,,TBD_legal_review,high_folder_based,parse_ok
ROMANCE_025.json,raw/inbox/romance_zh/025.json,d5e42757c6c01ad59484accb5187192d7c8fb22a20a890e4c913bd16c2d1e971,15201,json,utf-8,traditional_dominant,ROMANCE,三國演義,unit=回;num=25;label=第二十五回,zh.wikisource.org,2026-08-06,,TBD_legal_review,high_folder_based,parse_ok
ROMANCE_026.json,raw/inbox/romance_zh/026.json,3588057fc39802e5a1bbf18510ea003558c00faa1368ce838be0d935d1f4850b,11721,json,utf-8,traditional_dominant,ROMANCE,三國演義,unit=回;num=26;label=第二十六回,zh.wikisource.org,2026-08-06,,TBD_legal_review,high_folder_based,parse_ok
ROMANCE_027.json,raw/inbox/romance_zh/027.json,84344351508fa806103f396a41a6567f9e6223647daeeb806a9927b609bf0c0e,15444,json,utf-8,traditional,ROMANCE,三國演義,unit=回;num=27;label=第二十七回,zh.wikisource.org,2026-08-06,,TBD_legal_review,high_folder_based,parse_ok
ROMANCE_028.json,raw/inbox/romance_zh/028.json,aeeade93eccf7d0dd2b418ba43eb3455accdbbc0471c8c3fe5dce194cde777db,18274,json,utf-8,traditional_dominant,ROMANCE,三國演義,unit=回;num=28;label=第二十八回,zh.wikisource.org,2026-08-06,,TBD_legal_review,high_folder_based,parse_ok
ROMANCE_029.json,raw/inbox/romance_zh/029.json,732f1564a619145b35d61f47d2949fd680077fe415cf7a99f08f222ded47593f,14950,json,utf-8,traditional_dominant,ROMANCE,三國演義,unit=回;num=29;label=第二十九回,zh.wikisource.org,2026-08-06,,TBD_legal_review,high_folder_based,parse_ok
ROMANCE_030.json,raw/inbox/romance_zh/030.json,4a57357cd36312332ff16f077e9c9d415ffb3a09da378451208c863289076f6a,16864,json,utf-8,traditional_dominant,ROMANCE,三國演義,unit=回;num=30;label=第三十回,zh.wikisource.org,2026-08-06,,TBD_legal_review,high_folder_based,parse_ok
ROMANCE_031.json,raw/inbox/romance_zh/031.json,15e265a935f95c800b069b7f414a52dab4b396b041342be341a7b0b4c8239674,14512,json,utf-8,traditional,ROMANCE,三國演義,unit=回;num=31;label=第三十一回,zh.wikisource.org,2026-08-06,,TBD_legal_review,high_folder_based,parse_ok
ROMANCE_032.json,raw/inbox/romance_zh/032.json,2a595c36df162012f0df72bcb7cdd86a324687cf6e75b6481bccb6794eb6cf2a,16594,json,utf-8,traditional,ROMANCE,三國演義,unit=回;num=32;label=第三十二回,zh.wikisource.org,2026-08-06,,TBD_legal_review,high_folder_based,parse_ok
ROMANCE_033.json,raw/inbox/romance_zh/033.json,2a886f789536512dfb16633cc2d6524315545bb964c833c6d9794bf4d5e12795,14925,json,utf-8,traditional,ROMANCE,三國演義,unit=回;num=33;label=第三十三回,zh.wikisource.org,2026-08-06,,TBD_legal_review,high_folder_based,parse_ok
ROMANCE_034.json,raw/inbox/romance_zh/034.json,a79e8a7ac99c1fbffdfcc849811d8a42780aca90423069a6675a924609895e86,12560,json,utf-8,traditional_dominant,ROMANCE,三國演義,unit=回;num=34;label=第三十四回,zh.wikisource.org,2026-08-06,,TBD_legal_review,high_folder_based,parse_ok
ROMANCE_035.json,raw/inbox/romance_zh/035.json,68ccbf4cdd86c7e8db6529cede062607ca5741593c64601a2deb79e4b5774a9c,11639,json,utf-8,traditional_dominant,ROMANCE,三國演義,unit=回;num=35;label=第三十五回,zh.wikisource.org,2026-08-06,,TBD_legal_review,high_folder_based,parse_ok
ROMANCE_036.json,raw/inbox/romance_zh/036.json,1f95794a4fad29a2782378b282b0cd663afaad20cf9d48d402a9605bc1a20e5a,12461,json,utf-8,traditional_dominant,ROMANCE,三國演義,unit=回;num=36;label=第三十六回,zh.wikisource.org,2026-08-06,,TBD_legal_review,high_folder_based,parse_ok
ROMANCE_037.json,raw/inbox/romance_zh/037.json,d80ca6a10bbd85582ccc568b947d0fcea58a903465a80d1fa53fea486ad7978f,11962,json,utf-8,traditional_dominant,ROMANCE,三國演義,unit=回;num=37;label=第三十七回,zh.wikisource.org,2026-08-06,,TBD_legal_review,high_folder_based,parse_ok
ROMANCE_038.json,raw/inbox/romance_zh/038.json,3eea42612347a91cf1f5fb40f895b5bef64aec1aaf6b1d7d637722c1a7e217dc,14384,json,utf-8,traditional_dominant,ROMANCE,三國演義,unit=回;num=38;label=第三十八回,zh.wikisource.org,2026-08-06,,TBD_legal_review,high_folder_based,parse_ok
ROMANCE_039.json,raw/inbox/romance_zh/039.json,4993daedb03132ae689505d857bbe46dfb6fcffbf41b29ab2f65fcb4ab16e8f0,14552,json,utf-8,traditional,ROMANCE,三國演義,unit=回;num=39;label=第三十九回,zh.wikisource.org,2026-08-06,,TBD_legal_review,high_folder_based,parse_ok
ROMANCE_040.json,raw/inbox/romance_zh/040.json,6fa65162d153b13e2aa88ee2545f9ceef7bb3ba2787571653762662c38940e62,13475,json,utf-8,traditional,ROMANCE,三國演義,unit=回;num=40;label=第四十回,zh.wikisource.org,2026-08-06,,TBD_legal_review,high_folder_based,parse_ok
ROMANCE_041.json,raw/inbox/romance_zh/041.json,018729846f2ce61e4e6a1d8983ad8a5077ee560bca59ae028b5c89f54f8c29d6,18062,json,utf-8,traditional_dominant,ROMANCE,三國演義,unit=回;num=41;label=第四十一回,zh.wikisource.org,2026-08-06,,TBD_legal_review,high_folder_based,parse_ok
ROMANCE_042.json,raw/inbox/romance_zh/042.json,a87d6c0aff459dca400b6a4d148bbafdeeb529f134b7c03bbff34feb6db6e687,11267,json,utf-8,traditional,ROMANCE,三國演義,unit=回;num=42;label=第四十二回,zh.wikisource.org,2026-08-06,,TBD_legal_review,high_folder_based,parse_ok
ROMANCE_043.json,raw/inbox/romance_zh/043.json,502dff16af5d04a7a715d4e8a528f903e278836cadb1f0dbc916e32c05aca26d,16234,json,utf-8,traditional_dominant,ROMANCE,三國演義,unit=回;num=43;label=第四十三回,zh.wikisource.org,2026-08-06,,TBD_legal_review,high_folder_based,parse_ok
ROMANCE_044.json,raw/inbox/romance_zh/044.json,ce55eb63e20f1a31a20bd6c77d83ebfbda8a75cd27a5d0c8c4fb90b0ea1634be,13412,json,utf-8,traditional_dominant,ROMANCE,三國演義,unit=回;num=44;label=第四十四回,zh.wikisource.org,2026-08-06,,TBD_legal_review,high_folder_based,parse_ok
ROMANCE_045.json,raw/inbox/romance_zh/045.json,dc499ce6b41c88f135b6805fc675ee4763c0d9093897f925f4b8560c13166eca,16764,json,utf-8,traditional_dominant,ROMANCE,三國演義,unit=回;num=45;label=第四十五回,zh.wikisource.org,2026-08-06,,TBD_legal_review,high_folder_based,parse_ok
ROMANCE_046.json,raw/inbox/romance_zh/046.json,5373bd439dc55bcdfe958960a7b39f52fd5151295db60f15c475c979278d6059,13374,json,utf-8,traditional,ROMANCE,三國演義,unit=回;num=46;label=第四十六回,zh.wikisource.org,2026-08-06,,TBD_legal_review,high_folder_based,parse_ok
ROMANCE_047.json,raw/inbox/romance_zh/047.json,e9068596183b35fb16a3fee645ae5d943c474adcf69dab324f23ca799c1fc6ef,11774,json,utf-8,traditional,ROMANCE,三國演義,unit=回;num=47;label=第四十七回,zh.wikisource.org,2026-08-06,,TBD_legal_review,high_folder_based,parse_ok
ROMANCE_048.json,raw/inbox/romance_zh/048.json,f1809ed6bd2583e96107a64b7f70056ddddecd6d2a063fa70c93aa9ecde52a90,9841,json,utf-8,traditional,ROMANCE,三國演義,unit=回;num=48;label=第四十八回,zh.wikisource.org,2026-08-06,,TBD_legal_review,high_folder_based,parse_ok
ROMANCE_049.json,raw/inbox/romance_zh/049.json,97e035bd72bb067708d4be2e92bda0cf8a5c5220fd8f8a370eecafccb95dd4a7,16069,json,utf-8,traditional,ROMANCE,三國演義,unit=回;num=49;label=第四十九回,zh.wikisource.org,2026-08-06,,TBD_legal_review,high_folder_based,parse_ok
ROMANCE_050.json,raw/inbox/romance_zh/050.json,ee3fb9526b0da49808b603687a185bbabe0ee752f745ae38635dd2a9a164c485,11711,json,utf-8,traditional_dominant,ROMANCE,三國演義,unit=回;num=50;label=第五十回,zh.wikisource.org,2026-08-06,,TBD_legal_review,high_folder_based,parse_ok
ROMANCE_051.json,raw/inbox/romance_zh/051.json,0ee3d31e2fa4973a97cf863fbdf32c31120e1b298e181a6e4cd66cad818d8a2b,13634,json,utf-8,traditional,ROMANCE,三國演義,unit=回;num=51;label=第五十一回,zh.wikisource.org,2026-08-06,,TBD_legal_review,high_folder_based,parse_ok
ROMANCE_052.json,raw/inbox/romance_zh/052.json,2db0512a1027b3916d86815e7b6bb140d60b0346c73108209e8cbdd93d134c88,14064,json,utf-8,traditional,ROMANCE,三國演義,unit=回;num=52;label=第五十二回,zh.wikisource.org,2026-08-06,,TBD_legal_review,high_folder_based,parse_ok
ROMANCE_053.json,raw/inbox/romance_zh/053.json,c72bed62b44c2b7e286614c06f3cdff8bc1d4df2aa4a08d6b5399cfbaef4ab5e,14080,json,utf-8,traditional_dominant,ROMANCE,三國演義,unit=回;num=53;label=第五十三回,zh.wikisource.org,2026-08-06,,TBD_legal_review,high_folder_based,parse_ok
ROMANCE_054.json,raw/inbox/romance_zh/054.json,0a0aa1b012126df6ed78752398cd5623ac8e7fff177b836a0aaaf59ede13192e,15464,json,utf-8,traditional_dominant,ROMANCE,三國演義,unit=回;num=54;label=第五十四回,zh.wikisource.org,2026-08-06,,TBD_legal_review,high_folder_based,parse_ok
ROMANCE_055.json,raw/inbox/romance_zh/055.json,66fcd0498798e1dd87b9804acfbfd43b3c7dc7d56576ca0cb4ad46b5fd8b9706,13174,json,utf-8,traditional_dominant,ROMANCE,三國演義,unit=回;num=55;label=第五十五回,zh.wikisource.org,2026-08-06,,TBD_legal_review,high_folder_based,parse_ok
ROMANCE_056.json,raw/inbox/romance_zh/056.json,53b7c811fc12d29e6a6bdd60d01c543b38b001136bb7a3d5dd1edee1f49e26ea,14575,json,utf-8,traditional_dominant,ROMANCE,三國演義,unit=回;num=56;label=第五十六回,zh.wikisource.org,2026-08-06,,TBD_legal_review,high_folder_based,parse_ok
ROMANCE_057.json,raw/inbox/romance_zh/057.json,02763802686570375ed270e47e9315a707bb0dc4060462a6cd5fed94138182d7,14498,json,utf-8,traditional,ROMANCE,三國演義,unit=回;num=57;label=第五十七回,zh.wikisource.org,2026-08-06,,TBD_legal_review,high_folder_based,parse_ok
ROMANCE_058.json,raw/inbox/romance_zh/058.json,f6df55681b5e389ec6fcacd71153a7f55bec30abb8a3e7cc343915f6e7b2e737,15872,json,utf-8,traditional_dominant,ROMANCE,三國演義,unit=回;num=58;label=第五十八回,zh.wikisource.org,2026-08-06,,TBD_legal_review,high_folder_based,parse_ok
ROMANCE_059.json,raw/inbox/romance_zh/059.json,95594d37686f5edcbe2798c92593a2eb13a261d97f4ca45521df754f62f1ab8d,16366,json,utf-8,traditional,ROMANCE,三國演義,unit=回;num=59;label=第五十九回,zh.wikisource.org,2026-08-06,,TBD_legal_review,high_folder_based,parse_ok
ROMANCE_060.json,raw/inbox/romance_zh/060.json,34f1f80a0fbbc4d13281e9c2f965c6042bdea91e123e98e7a953eb5da69240d8,21236,json,utf-8,traditional_dominant,ROMANCE,三國演義,unit=回;num=60;label=第六十回,zh.wikisource.org,2026-08-06,,TBD_legal_review,high_folder_based,parse_ok
ROMANCE_061.json,raw/inbox/romance_zh/061.json,53632ab64409f64408332094b6735c6f81b6b459351f29511dbc1689d689a9c8,14211,json,utf-8,traditional_dominant,ROMANCE,三國演義,unit=回;num=61;label=第六十一回,zh.wikisource.org,2026-08-06,,TBD_legal_review,high_folder_based,parse_ok
ROMANCE_062.json,raw/inbox/romance_zh/062.json,32356dede80ced1697474459f0ca3978d106f85f2c00b2c409f272c3a7a30a87,16555,json,utf-8,traditional_dominant,ROMANCE,三國演義,unit=回;num=62;label=第六十二回,zh.wikisource.org,2026-08-06,,TBD_legal_review,high_folder_based,parse_ok
ROMANCE_063.json,raw/inbox/romance_zh/063.json,7041a60b8808f983c12f5cae40d3e2be5295e603490426797ccbd523e4cc4c0c,15899,json,utf-8,traditional_dominant,ROMANCE,三國演義,unit=回;num=63;label=第六十三回,zh.wikisource.org,2026-08-06,,TBD_legal_review,high_folder_based,parse_ok
ROMANCE_064.json,raw/inbox/romance_zh/064.json,a6a18ba366adb3f0b4c431c341492d42fb15c58bc8476d9727dbd70d2c304a7b,15752,json,utf-8,traditional_dominant,ROMANCE,三國演義,unit=回;num=64;label=第六十四回,zh.wikisource.org,2026-08-06,,TBD_legal_review,high_folder_based,parse_ok
ROMANCE_065.json,raw/inbox/romance_zh/065.json,175bc0d2413dae11fa99191377dcbd4ad73a4ed80155f373b2373ff057a30737,18480,json,utf-8,traditional_dominant,ROMANCE,三國演義,unit=回;num=65;label=第六十五回,zh.wikisource.org,2026-08-06,,TBD_legal_review,high_folder_based,parse_ok
ROMANCE_066.json,raw/inbox/romance_zh/066.json,5df3c9e24f9ba14b3083f8aa382fb8a57040f8ba70231e1d94ce36d1ff9407a1,15440,json,utf-8,traditional_dominant,ROMANCE,三國演義,unit=回;num=66;label=第六十六回,zh.wikisource.org,2026-08-06,,TBD_legal_review,high_folder_based,parse_ok
ROMANCE_067.json,raw/inbox/romance_zh/067.json,c2c22a44ef652f394a80a662a2b6099e52c4864c40d565bba62dc811bb24c117,16213,json,utf-8,traditional_dominant,ROMANCE,三國演義,unit=回;num=67;label=第六十七回,zh.wikisource.org,2026-08-06,,TBD_legal_review,high_folder_based,parse_ok
ROMANCE_068.json,raw/inbox/romance_zh/068.json,83e2d37923f7ba31b7363c42010f9319d8f86c1e6392b18e46fcc4afe01011d1,15187,json,utf-8,traditional_dominant,ROMANCE,三國演義,unit=回;num=68;label=第六十八回,zh.wikisource.org,2026-08-06,,TBD_legal_review,high_folder_based,parse_ok
ROMANCE_069.json,raw/inbox/romance_zh/069.json,1c58c63445b5f739e3fa8bb534742bad24576394e3867ad14942e28f5037f379,14702,json,utf-8,traditional_dominant,ROMANCE,三國演義,unit=回;num=69;label=第六十九回,zh.wikisource.org,2026-08-06,,TBD_legal_review,high_folder_based,parse_ok
ROMANCE_070.json,raw/inbox/romance_zh/070.json,4502ed0b1e9cdee0176811d26cb46b0190a1cb154f3922bbcb29a7f31c481a10,15800,json,utf-8,traditional_dominant,ROMANCE,三國演義,unit=回;num=70;label=第七十回,zh.wikisource.org,2026-08-06,,TBD_legal_review,high_folder_based,parse_ok
ROMANCE_071.json,raw/inbox/romance_zh/071.json,29dbe5a34a2e087fcec44c133810d14f68ad6c27841bcb2e0562e94e86a0c411,16619,json,utf-8,traditional_dominant,ROMANCE,三國演義,unit=回;num=71;label=第七十一回,zh.wikisource.org,2026-08-06,,TBD_legal_review,high_folder_based,parse_ok
ROMANCE_072.json,raw/inbox/romance_zh/072.json,82aa1c116be0343a53c357ddd0ba63c2c63b13cbfb9225812fa613e56c66edea,12838,json,utf-8,traditional_dominant,ROMANCE,三國演義,unit=回;num=72;label=第七十二回,zh.wikisource.org,2026-08-06,,TBD_legal_review,high_folder_based,parse_ok
ROMANCE_073.json,raw/inbox/romance_zh/073.json,fd23a9c52a8995cc729f0c942fefe5bf12ecd4979d5f947b46b0a76b2356f984,13514,json,utf-8,traditional_dominant,ROMANCE,三國演義,unit=回;num=73;label=第七十三回,zh.wikisource.org,2026-08-06,,TBD_legal_review,high_folder_based,parse_ok
ROMANCE_074.json,raw/inbox/romance_zh/074.json,31d2ebbe181abff7c8bd58ad48ddb1d1cba53dd37947b061ef1575f697850a0c,13544,json,utf-8,traditional_dominant,ROMANCE,三國演義,unit=回;num=74;label=第七十四回,zh.wikisource.org,2026-08-06,,TBD_legal_review,high_folder_based,parse_ok
ROMANCE_075.json,raw/inbox/romance_zh/075.json,0231cb719d96e14e439f071ce71bbd7f1c4cc0ffc58a69130ab9deb629b636e3,12131,json,utf-8,traditional_dominant,ROMANCE,三國演義,unit=回;num=75;label=第七十五回,zh.wikisource.org,2026-08-06,,TBD_legal_review,high_folder_based,parse_ok
ROMANCE_076.json,raw/inbox/romance_zh/076.json,7ff4dfb4a9afb3b701952468a81b8c0c26c5f35ae81c792d8a2ae126202a80a4,14453,json,utf-8,traditional_dominant,ROMANCE,三國演義,unit=回;num=76;label=第七十六回,zh.wikisource.org,2026-08-06,,TBD_legal_review,high_folder_based,parse_ok
ROMANCE_077.json,raw/inbox/romance_zh/077.json,6b5f6f7af4c12b2f3d91163f4a7efff6bba02e077e47d7a2d9d15405c6ecc66d,13123,json,utf-8,traditional_dominant,ROMANCE,三國演義,unit=回;num=77;label=第七十七回,zh.wikisource.org,2026-08-06,,TBD_legal_review,high_folder_based,parse_ok
ROMANCE_078.json,raw/inbox/romance_zh/078.json,55a47e56219a7f1354466282b888349ff5921b4aebc126f921854dd6f39db46d,11602,json,utf-8,traditional_dominant,ROMANCE,三國演義,unit=回;num=78;label=第七十八回,zh.wikisource.org,2026-08-06,,TBD_legal_review,high_folder_based,parse_ok
ROMANCE_079.json,raw/inbox/romance_zh/079.json,26b17fb49e585eea7797984ce5497aad3231df0f72923c8f337c0631a671d831,10580,json,utf-8,traditional_dominant,ROMANCE,三國演義,unit=回;num=79;label=第七十九回,zh.wikisource.org,2026-08-06,,TBD_legal_review,high_folder_based,parse_ok
ROMANCE_080.json,raw/inbox/romance_zh/080.json,70f46f9954c8c6e375b44a28bacb4d373e67127afba9d98aee0fc28cf9fddbb5,11065,json,utf-8,traditional_dominant,ROMANCE,三國演義,unit=回;num=80;label=第八十回,zh.wikisource.org,2026-08-06,,TBD_legal_review,high_folder_based,parse_ok
ROMANCE_081.json,raw/inbox/romance_zh/081.json,97972ea51b6b54b4820dd681a79ce48227a4d7ff6b54cd06e9945df0522cb573,11716,json,utf-8,traditional_dominant,ROMANCE,三國演義,unit=回;num=81;label=第八十一回,zh.wikisource.org,2026-08-06,,TBD_legal_review,high_folder_based,parse_ok
ROMANCE_082.json,raw/inbox/romance_zh/082.json,55927f5e601c2f2484619a7dd1c276e5aa2b6bb7f28a23703e9ef17b36740c16,13428,json,utf-8,traditional_dominant,ROMANCE,三國演義,unit=回;num=82;label=第八十二回,zh.wikisource.org,2026-08-06,,TBD_legal_review,high_folder_based,parse_ok
ROMANCE_083.json,raw/inbox/romance_zh/083.json,ebc1307da9024a7d425242e1b7d9a0a741dd0a9ff3479724aa49073ed4ddb3c3,17238,json,utf-8,traditional_dominant,ROMANCE,三國演義,unit=回;num=83;label=第八十三回,zh.wikisource.org,2026-08-06,,TBD_legal_review,high_folder_based,parse_ok
ROMANCE_084.json,raw/inbox/romance_zh/084.json,f0894630a1306fbd6cfb8a251180de91ffe1d22627dcc1e907dfc1d759d9d34c,14423,json,utf-8,traditional_dominant,ROMANCE,三國演義,unit=回;num=84;label=第八十四回,zh.wikisource.org,2026-08-06,,TBD_legal_review,high_folder_based,parse_ok
ROMANCE_085.json,raw/inbox/romance_zh/085.json,0bc3e75a557a82539d8735f47a38dc04c57ce001daa3f2acd7f75138d4396fd4,15726,json,utf-8,traditional_dominant,ROMANCE,三國演義,unit=回;num=85;label=第八十五回,zh.wikisource.org,2026-08-06,,TBD_legal_review,high_folder_based,parse_ok
ROMANCE_086.json,raw/inbox/romance_zh/086.json,883b449bb77e8e6222c3780b57181c6aa139f3f252dc9d06375306f2580620e6,15893,json,utf-8,traditional_dominant,ROMANCE,三國演義,unit=回;num=86;label=第八十六回,zh.wikisource.org,2026-08-06,,TBD_legal_review,high_folder_based,parse_ok
ROMANCE_087.json,raw/inbox/romance_zh/087.json,1321708ee69e2758550edc6cbf9fb67dd33f0c7d7b574cdfaeee5833d636ccaa,17330,json,utf-8,traditional_dominant,ROMANCE,三國演義,unit=回;num=87;label=第八十七回,zh.wikisource.org,2026-08-06,,TBD_legal_review,high_folder_based,parse_ok
ROMANCE_088.json,raw/inbox/romance_zh/088.json,44c0d4263dfcac4d3c06d2aa5520f6bfcf7242800fe90367c785b61633f37031,14894,json,utf-8,traditional_dominant,ROMANCE,三國演義,unit=回;num=88;label=第八十八回,zh.wikisource.org,2026-08-06,,TBD_legal_review,high_folder_based,parse_ok
ROMANCE_089.json,raw/inbox/romance_zh/089.json,437617dc0d3e96bc8bcc200039d6f48ea40edccb54ae86f0100f55e3f13e3b19,16234,json,utf-8,traditional_dominant,ROMANCE,三國演義,unit=回;num=89;label=第八十九回,zh.wikisource.org,2026-08-06,,TBD_legal_review,high_folder_based,parse_ok
ROMANCE_090.json,raw/inbox/romance_zh/090.json,943995c3627dfcebbb0063bf05e40110020810d00132957812e26e91b183bbc3,20606,json,utf-8,traditional_dominant,ROMANCE,三國演義,unit=回;num=90;label=第九十回,zh.wikisource.org,2026-08-06,,TBD_legal_review,high_folder_based,parse_ok
ROMANCE_091.json,raw/inbox/romance_zh/091.json,f233eb52337ce6f4946c6269dcdb1c78f3b6782db5b35ba6b651e25b3fde519d,12774,json,utf-8,traditional_dominant,ROMANCE,三國演義,unit=回;num=91;label=第九十一回,zh.wikisource.org,2026-08-06,,TBD_legal_review,high_folder_based,parse_ok
ROMANCE_092.json,raw/inbox/romance_zh/092.json,d1c02d12aa796155919088b910ab451ff5eec97565e6ed9c786e87de4d7c278b,14968,json,utf-8,traditional_dominant,ROMANCE,三國演義,unit=回;num=92;label=第九十二回,zh.wikisource.org,2026-08-06,,TBD_legal_review,high_folder_based,parse_ok
ROMANCE_093.json,raw/inbox/romance_zh/093.json,b21e4526cbaf9f3959573aeb265bddfcaca4071c71756bab4db6404dc4e92519,16446,json,utf-8,traditional_dominant,ROMANCE,三國演義,unit=回;num=93;label=第九十三回,zh.wikisource.org,2026-08-06,,TBD_legal_review,high_folder_based,parse_ok
ROMANCE_094.json,raw/inbox/romance_zh/094.json,3934d8793511a37708d00340abcf9af6306ea1c99b2e9ca8b32f2cb7298c4727,16289,json,utf-8,traditional_dominant,ROMANCE,三國演義,unit=回;num=94;label=第九十四回,zh.wikisource.org,2026-08-06,,TBD_legal_review,high_folder_based,parse_ok
ROMANCE_095.json,raw/inbox/romance_zh/095.json,ebac09ddd2b56627aac31b06615c96b3f354e0aa77dcdd8175dfa04ada69c87b,18060,json,utf-8,traditional_dominant,ROMANCE,三國演義,unit=回;num=95;label=第九十五回,zh.wikisource.org,2026-08-06,,TBD_legal_review,high_folder_based,parse_ok
ROMANCE_096.json,raw/inbox/romance_zh/096.json,238deb1aa413987ea24715b02dd9fbb09d9a1592c9f71421a82ff1a98ad35ba0,13698,json,utf-8,traditional_dominant,ROMANCE,三國演義,unit=回;num=96;label=第九十六回,zh.wikisource.org,2026-08-06,,TBD_legal_review,high_folder_based,parse_ok
ROMANCE_097.json,raw/inbox/romance_zh/097.json,e1e2f6c87e3c8e87447a937e9e42e9649208d292a92c28f696a1889506fa1e14,11552,json,utf-8,traditional_dominant,ROMANCE,三國演義,unit=回;num=97;label=第九十七回,zh.wikisource.org,2026-08-06,,TBD_legal_review,high_folder_based,parse_ok
ROMANCE_098.json,raw/inbox/romance_zh/098.json,41c83fafe1f963f73c15e7dc9b51b29740367d3755b1f523af1ea7ed6987a9b1,15392,json,utf-8,traditional_dominant,ROMANCE,三國演義,unit=回;num=98;label=第九十八回,zh.wikisource.org,2026-08-06,,TBD_legal_review,high_folder_based,parse_ok
ROMANCE_099.json,raw/inbox/romance_zh/099.json,b28e35fcf2e208d886fba1c72760a25bff0296879aee00792e774ab9d18ce414,15977,json,utf-8,traditional_dominant,ROMANCE,三國演義,unit=回;num=99;label=第九十九回,zh.wikisource.org,2026-08-06,,TBD_legal_review,high_folder_based,parse_ok
ROMANCE_100.json,raw/inbox/romance_zh/100.json,c4000a24a9354c59b177958acb0638aad1f70cd5ac1079b4ce892a0444f329ce,15222,json,utf-8,traditional_dominant,ROMANCE,三國演義,unit=回;num=100;label=第一百回,zh.wikisource.org,2026-08-06,,TBD_legal_review,high_folder_based,parse_ok
ROMANCE_101.json,raw/inbox/romance_zh/101.json,7b4315edc2c1e36913e4157218d97f904061d0ce79df6f7063df5fa399176b4c,17073,json,utf-8,traditional_dominant,ROMANCE,三國演義,unit=回;num=101;label=第一百一回,zh.wikisource.org,2026-08-06,,TBD_legal_review,high_folder_based,parse_ok
ROMANCE_102.json,raw/inbox/romance_zh/102.json,d61467472e3e2ebf6b3bf7c22428f57bff5b5b32eaa05811ea9fc370d260967b,17855,json,utf-8,traditional_dominant,ROMANCE,三國演義,unit=回;num=102;label=第一百二回,zh.wikisource.org,2026-08-06,,TBD_legal_review,high_folder_based,parse_ok
ROMANCE_103.json,raw/inbox/romance_zh/103.json,027721a8db280a72d08eb641df0e504a209421f94f049549b0582b7ffd92e4e2,16811,json,utf-8,traditional_dominant,ROMANCE,三國演義,unit=回;num=103;label=第一百三回,zh.wikisource.org,2026-08-06,,TBD_legal_review,high_folder_based,parse_ok
ROMANCE_104.json,raw/inbox/romance_zh/104.json,bb3372bc6f393e58b188b9492f442c07d365e2b1f1862b7e71f8cc30921cf7f3,10520,json,utf-8,traditional_dominant,ROMANCE,三國演義,unit=回;num=104;label=第一百四回,zh.wikisource.org,2026-08-06,,TBD_legal_review,high_folder_based,parse_ok
ROMANCE_105.json,raw/inbox/romance_zh/105.json,af4aeec66ab493926a34f58172cadbfc0f69681861401b1945acdec59a257e48,14076,json,utf-8,traditional_dominant,ROMANCE,三國演義,unit=回;num=105;label=第一百五回,zh.wikisource.org,2026-08-06,,TBD_legal_review,high_folder_based,parse_ok
ROMANCE_106.json,raw/inbox/romance_zh/106.json,25470863b75cae12d403fde75b1146c3fd98baa6b580306ec05689d0bd851fbb,15554,json,utf-8,traditional_dominant,ROMANCE,三國演義,unit=回;num=106;label=第一百六回,zh.wikisource.org,2026-08-06,,TBD_legal_review,high_folder_based,parse_ok
ROMANCE_107.json,raw/inbox/romance_zh/107.json,98e81b217dd97a28eaf8dad2e18d81801f01aaa1e4ecf0d9eb002522ab219ff6,15513,json,utf-8,traditional_dominant,ROMANCE,三國演義,unit=回;num=107;label=第一百七回,zh.wikisource.org,2026-08-06,,TBD_legal_review,high_folder_based,parse_ok
ROMANCE_108.json,raw/inbox/romance_zh/108.json,341dda39360c7660a291eeb2ea232fd9e84b8a57356915c68702cbb416b2d8c1,12063,json,utf-8,traditional_dominant,ROMANCE,三國演義,unit=回;num=108;label=第一百八回,zh.wikisource.org,2026-08-06,,TBD_legal_review,high_folder_based,parse_ok
ROMANCE_109.json,raw/inbox/romance_zh/109.json,9554c0663023ee3f85afde5b8bb5829dd3321b0bfd3085400d2e13b9aee5afd1,12906,json,utf-8,traditional_dominant,ROMANCE,三國演義,unit=回;num=109;label=第一百九回,zh.wikisource.org,2026-08-06,,TBD_legal_review,high_folder_based,parse_ok
ROMANCE_110.json,raw/inbox/romance_zh/110.json,49df1f4145061e9496d84622c42aba373ea233127ab7e56568953006e7cea852,13806,json,utf-8,traditional_dominant,ROMANCE,三國演義,unit=回;num=110;label=第一百十回,zh.wikisource.org,2026-08-06,,TBD_legal_review,high_folder_based,parse_ok
ROMANCE_111.json,raw/inbox/romance_zh/111.json,cb0fef2895febad4b0c81c4d1e880c512e9e2f2aff2405cc3eb602b7a8e184e1,11934,json,utf-8,traditional_dominant,ROMANCE,三國演義,unit=回;num=111;label=第一百十一回,zh.wikisource.org,2026-08-06,,TBD_legal_review,high_folder_based,parse_ok
ROMANCE_112.json,raw/inbox/romance_zh/112.json,9e231928e678efaa23c6a65d74e00b02fa409f9e68934d094e18772c54386a72,11145,json,utf-8,traditional_dominant,ROMANCE,三國演義,unit=回;num=112;label=第一百十二回,zh.wikisource.org,2026-08-06,,TBD_legal_review,high_folder_based,parse_ok
ROMANCE_113.json,raw/inbox/romance_zh/113.json,51a082427238562facc89f12059d3489d8855a63596e99496493c9d1bf68873d,13750,json,utf-8,traditional_dominant,ROMANCE,三國演義,unit=回;num=113;label=第一百十三回,zh.wikisource.org,2026-08-06,,TBD_legal_review,high_folder_based,parse_ok
ROMANCE_114.json,raw/inbox/romance_zh/114.json,6ca40e1d45b52b1283cbc1cd1b717d49d04b3f936405f4fb7c5d5226b78fe318,11515,json,utf-8,traditional_dominant,ROMANCE,三國演義,unit=回;num=114;label=第一百十四回,zh.wikisource.org,2026-08-06,,TBD_legal_review,high_folder_based,parse_ok
ROMANCE_115.json,raw/inbox/romance_zh/115.json,601cde56a36bd3d2c10527ea816f902d5b3439669116731a6e9cc684db94aa05,12503,json,utf-8,traditional_dominant,ROMANCE,三國演義,unit=回;num=115;label=第一百十五回,zh.wikisource.org,2026-08-06,,TBD_legal_review,high_folder_based,parse_ok
ROMANCE_116.json,raw/inbox/romance_zh/116.json,22880896672b3614db98aa3b1e8053a4c4241f88c1014b980bd65e8938d5db07,13036,json,utf-8,traditional_dominant,ROMANCE,三國演義,unit=回;num=116;label=第一百十六回,zh.wikisource.org,2026-08-06,,TBD_legal_review,high_folder_based,parse_ok
ROMANCE_117.json,raw/inbox/romance_zh/117.json,a76a61748945055d0d78846edfe86069fccc5a0bac35146ffb44f250359d4701,13244,json,utf-8,traditional_dominant,ROMANCE,三國演義,unit=回;num=117;label=第一百十七回,zh.wikisource.org,2026-08-06,,TBD_legal_review,high_folder_based,parse_ok
ROMANCE_118.json,raw/inbox/romance_zh/118.json,1d00bec86a1d641a0efaf640d6a5242dbdfa6a7ef408c3eb38a39c4817ecbd0e,9073,json,utf-8,traditional_dominant,ROMANCE,三國演義,unit=回;num=118;label=第一百十八回,zh.wikisource.org,2026-08-06,,TBD_legal_review,high_folder_based,parse_ok
ROMANCE_119.json,raw/inbox/romance_zh/119.json,88e149dda0b88067ee61a97127296202d8de8ec9800776f2ceb2b43f36fbd8dd,14246,json,utf-8,traditional_dominant,ROMANCE,三國演義,unit=回;num=119;label=第一百十九回,zh.wikisource.org,2026-08-06,,TBD_legal_review,high_folder_based,parse_ok
ROMANCE_120.json,raw/inbox/romance_zh/120.json,c71c204bdce31b8354d278b33fe63a783f4c8849c62e0240571f3584e283c2a8,16758,json,utf-8,traditional_dominant,ROMANCE,三國演義,unit=回;num=120;label=第一百二十回,zh.wikisource.org,2026-08-06,,TBD_legal_review,high_folder_based,parse_ok
